,Region,Subregion,Country,No Data,Water,Artificial Bareground,Natural Bareground,Permanent Snow/Ice,Woody Vegetation,Cultivated Vegetation,(Semi) Natural Vegetation
30SWH_00,Europe,Southern Europe,Spain,14,24709,2071,3996,0,7443,0,27303
30SWH_01,Europe,Southern Europe,Spain,0,0,208,0,0,25,63956,1347
30SWH_02,Europe,Southern Europe,Spain,0,0,173,0,0,0,65363,0
30SWH_03,Europe,Southern Europe,Spain,0,0,164,0,0,10284,21,55067
30SWH_04,Europe,Southern Europe,Spain,0,0,0,0,0,65535,1,0
30SWH_05,Europe,Southern Europe,Spain,0,0,1320,0,0,548,63668,0
30SWH_06,Europe,Southern Europe,Spain,0,0,869,0,0,222,203,64242
30SWH_07,Europe,Southern Europe,Spain,0,0,0,1018,0,0,0,64518
30SWH_08,Europe,Southern Europe,Spain,0,0,47,0,0,65476,12,1
30SWH_09,Europe,Southern Europe,Spain,0,0,138,0,0,3052,171,62175
30SWH_10,Europe,Southern Europe,Spain,0,0,36,0,0,5994,42606,16900
30SWH_11,Europe,Southern Europe,Spain,8,0,148,0,30,6458,1151,57741
30SWH_12,Europe,Southern Europe,Spain,0,0,12,0,0,348,47656,17520
30SWH_13,Europe,Southern Europe,Spain,14,0,2431,0,0,0,61286,1805
30SWH_14,Europe,Southern Europe,Spain,20,36,1718,0,17,1013,62277,455
30SWH_15,Europe,Southern Europe,Spain,0,0,232,0,0,60920,47,4337
30SWH_16,Europe,Southern Europe,Spain,1,0,814,38,0,36451,4899,23333
30SWH_17,Europe,Southern Europe,Spain,5,0,268,0,0,32995,3776,28492
30SWH_18,Europe,Southern Europe,Spain,1,61,697,0,0,42565,5369,16843
30SWH_19,Europe,Southern Europe,Spain,0,0,0,0,0,992,53187,11357
30SWH_20,Europe,Southern Europe,Spain,0,0,273,1399,0,4811,19128,39925
30SWH_21,Europe,Southern Europe,Spain,0,2,737,1170,0,50541,1138,11948
30SWH_22,Europe,Southern Europe,Spain,60,0,1226,24,0,25001,30400,8825
30SWH_23,Europe,Southern Europe,Spain,6,658,11,834,2,34363,459,29203
30SWH_24,Europe,Southern Europe,Spain,1,0,402,0,0,25362,5215,34556
30SWH_25,Europe,Southern Europe,Spain,0,91,87,0,0,256,50554,14548
30SWH_26,Europe,Southern Europe,Spain,0,0,0,6,0,788,0,64742
30SWH_27,Europe,Southern Europe,Spain,2,0,571,3116,0,6045,14684,41118
30SWH_28,Europe,Southern Europe,Spain,0,0,536,0,0,4925,3670,56405
30SWH_29,Europe,Southern Europe,Spain,0,0,1291,0,0,35,4524,59686
30TYN_00,Europe,Southern Europe,Spain,5,43577,177,0,0,2787,14939,4051
30TYN_00,Europe,Western Europe,France,5,43577,177,0,0,2787,14939,4051
30TYN_01,Europe,Southern Europe,Spain,0,0,64576,0,0,1,959,0
30TYN_01,Europe,Western Europe,France,0,0,64576,0,0,1,959,0
30TYN_02,Europe,Southern Europe,Spain,321,968,0,23468,40779,0,0,0
30TYN_02,Europe,Western Europe,France,321,968,0,23468,40779,0,0,0
30TYN_03,Europe,Southern Europe,Spain,0,272,6783,0,215,16001,42238,27
30TYN_03,Europe,Western Europe,France,0,272,6783,0,215,16001,42238,27
30TYN_04,Europe,Southern Europe,Spain,0,0,27,0,0,65436,53,20
30TYN_04,Europe,Western Europe,France,0,0,27,0,0,65436,53,20
30TYN_05,Europe,Southern Europe,Spain,0,129,365,0,0,520,64522,0
30TYN_05,Europe,Western Europe,France,0,129,365,0,0,520,64522,0
30TYN_06,Europe,Southern Europe,Spain,0,22,0,0,0,157,1,65356
30TYN_06,Europe,Western Europe,France,0,22,0,0,0,157,1,65356
30TYN_07,Europe,Southern Europe,Spain,0,1307,97,361,13,24374,25,39359
30TYN_07,Europe,Western Europe,France,0,1307,97,361,13,24374,25,39359
30TYN_08,Europe,Southern Europe,Spain,0,0,633,0,0,25255,39634,14
30TYN_08,Europe,Western Europe,France,0,0,633,0,0,25255,39634,14
30TYN_09,Europe,Southern Europe,Spain,28,106,1177,6463,11,48108,6413,3230
30TYN_09,Europe,Western Europe,France,28,106,1177,6463,11,48108,6413,3230
30TYN_10,Europe,Southern Europe,Spain,0,0,124,58,0,51763,8816,4775
30TYN_10,Europe,Western Europe,France,0,0,124,58,0,51763,8816,4775
30TYN_11,Europe,Southern Europe,Spain,0,0,16697,0,0,33340,15116,383
30TYN_11,Europe,Western Europe,France,0,0,16697,0,0,33340,15116,383
30TYN_12,Europe,Southern Europe,Spain,4,22,690,0,0,56491,4668,3661
30TYN_12,Europe,Western Europe,France,4,22,690,0,0,56491,4668,3661
30TYN_13,Europe,Southern Europe,Spain,65,3130,243,14359,7545,16436,9,23749
30TYN_13,Europe,Western Europe,France,65,3130,243,14359,7545,16436,9,23749
30TYN_14,Europe,Southern Europe,Spain,8,109,1,48872,639,222,0,15685
30TYN_14,Europe,Western Europe,France,8,109,1,48872,639,222,0,15685
30TYN_15,Europe,Southern Europe,Spain,23,0,318,449,0,58585,5156,1005
30TYN_15,Europe,Western Europe,France,23,0,318,449,0,58585,5156,1005
30TYN_16,Europe,Southern Europe,Spain,0,0,0,0,0,61268,2881,1387
30TYN_16,Europe,Western Europe,France,0,0,0,0,0,61268,2881,1387
30TYN_17,Europe,Southern Europe,Spain,0,5,299,0,30,37269,13096,14837
30TYN_17,Europe,Western Europe,France,0,5,299,0,30,37269,13096,14837
30TYN_18,Europe,Southern Europe,Spain,0,4630,0,22770,20936,0,0,17200
30TYN_18,Europe,Western Europe,France,0,4630,0,22770,20936,0,0,17200
30TYN_19,Europe,Southern Europe,Spain,0,0,719,0,0,11061,53756,0
30TYN_19,Europe,Western Europe,France,0,0,719,0,0,11061,53756,0
30TYN_20,Europe,Southern Europe,Spain,3,96,25,0,0,55130,1218,9064
30TYN_20,Europe,Western Europe,France,3,96,25,0,0,55130,1218,9064
30TYN_21,Europe,Southern Europe,Spain,0,0,2207,0,0,4953,58376,0
30TYN_21,Europe,Western Europe,France,0,0,2207,0,0,4953,58376,0
30TYN_22,Europe,Southern Europe,Spain,0,50,0,168,0,427,0,64891
30TYN_22,Europe,Western Europe,France,0,50,0,168,0,427,0,64891
30TYN_23,Europe,Southern Europe,Spain,0,190,0,2072,153,6880,121,56120
30TYN_23,Europe,Western Europe,France,0,190,0,2072,153,6880,121,56120
30TYN_24,Europe,Southern Europe,Spain,1,158,7,1206,0,51468,1643,11053
30TYN_24,Europe,Western Europe,France,1,158,7,1206,0,51468,1643,11053
30TYN_25,Europe,Southern Europe,Spain,0,0,1,0,0,49886,149,15500
30TYN_25,Europe,Western Europe,France,0,0,1,0,0,49886,149,15500
30TYN_26,Europe,Southern Europe,Spain,9,0,287,0,0,26854,24,38362
30TYN_26,Europe,Western Europe,France,9,0,287,0,0,26854,24,38362
30TYN_27,Europe,Southern Europe,Spain,18,0,0,0,64352,0,0,1166
30TYN_27,Europe,Western Europe,France,18,0,0,0,64352,0,0,1166
30TYN_28,Europe,Southern Europe,Spain,28,699,2601,119,18,58451,852,2768
30TYN_28,Europe,Western Europe,France,28,699,2601,119,18,58451,852,2768
30TYN_29,Europe,Southern Europe,Spain,1,0,659,0,0,64061,5,810
30TYN_29,Europe,Western Europe,France,1,0,659,0,0,64061,5,810
30UWD_00,Europe,Northern Europe,United Kingdom,0,22177,180,0,0,3055,40098,26
30UWD_01,Europe,Northern Europe,United Kingdom,0,0,65524,0,0,6,6,0
30UWD_02,Europe,Northern Europe,United Kingdom,7,2051,40644,0,135,3737,11301,7661
30UWD_02,Europe,Northern Europe,United Kingdom,7,2051,40644,0,135,3737,11301,7661
30UWD_03,Europe,Northern Europe,United Kingdom,0,2,599,0,0,62370,1075,1490
30UWD_04,Europe,Northern Europe,United Kingdom,0,7,329,0,0,504,63833,863
30UWD_05,Europe,Northern Europe,United Kingdom,0,231,2766,0,0,2169,4275,56095
30UWD_06,Europe,Northern Europe,United Kingdom,0,116,1221,0,0,2926,55039,6234
30UWD_06,Europe,Northern Europe,United Kingdom,0,116,1221,0,0,2926,55039,6234
30UWD_07,Europe,Northern Europe,United Kingdom,4,1043,6032,0,0,10722,39325,8410
30UWD_08,Europe,Northern Europe,United Kingdom,8,2,4643,0,327,7060,35087,18409
30UWD_09,Europe,Northern Europe,United Kingdom,0,0,2843,0,0,2666,57096,2931
30UWD_10,Europe,Northern Europe,United Kingdom,0,85,15816,0,1,12402,22570,14662
30UWD_11,Europe,Northern Europe,United Kingdom,0,128,9743,0,0,3898,43715,8052
30UWD_12,Europe,Northern Europe,United Kingdom,0,82,1284,0,5,8082,38995,17088
30UWD_13,Europe,Northern Europe,United Kingdom,0,0,2302,0,61,3710,50594,8869
30UWD_14,Europe,Northern Europe,United Kingdom,0,803,34407,0,205,12053,6937,11131
30UWD_15,Europe,Northern Europe,United Kingdom,0,1208,8019,0,0,12825,24376,19108
30UWD_16,Europe,Northern Europe,United Kingdom,0,0,1289,0,530,8277,25189,30251
30UWD_17,Europe,Northern Europe,United Kingdom,0,648,4218,0,0,6585,45821,8264
30UWD_18,Europe,Northern Europe,United Kingdom,0,40,1872,0,0,3644,32890,27090
30UWD_19,Europe,Northern Europe,United Kingdom,0,9,719,0,3,5482,51525,7798
30UWD_19,Europe,Northern Europe,United Kingdom,0,9,719,0,3,5482,51525,7798
30UWD_20,Europe,Northern Europe,United Kingdom,0,0,1475,0,0,20430,24702,18929
30UWD_21,Europe,Northern Europe,United Kingdom,0,10,411,0,0,4664,55523,4928
30UWD_22,Europe,Northern Europe,United Kingdom,0,86,851,0,35,13473,46946,4145
30UWD_23,Europe,Northern Europe,United Kingdom,0,0,1283,0,0,1259,54300,8694
30UWD_24,Europe,Northern Europe,United Kingdom,8,11,2205,0,17,2074,57093,4128
30UWD_25,Europe,Northern Europe,United Kingdom,0,0,121,0,50,6559,24095,34711
30UWD_25,Europe,Northern Europe,United Kingdom,0,0,121,0,50,6559,24095,34711
30UWD_26,Europe,Northern Europe,United Kingdom,0,7,665,0,42,5839,53455,5528
30UWD_26,Europe,Northern Europe,United Kingdom,0,7,665,0,42,5839,53455,5528
30UWD_27,Europe,Northern Europe,United Kingdom,0,537,21143,0,274,5817,26173,11592
30UWD_28,Europe,Northern Europe,United Kingdom,0,0,579,0,0,1005,61484,2468
30UWD_28,Europe,Northern Europe,United Kingdom,0,0,579,0,0,1005,61484,2468
30UWD_29,Europe,Northern Europe,United Kingdom,2,66,693,0,0,5085,51779,7911
30UWD_29,Europe,Northern Europe,United Kingdom,2,66,693,0,0,5085,51779,7911
30UYU_00,Europe,Western Europe,France,0,9134,2028,0,229,4879,35437,13829
30UYU_01,Europe,Western Europe,France,0,71,53777,0,1296,1596,2468,6328
30UYU_02,Europe,Western Europe,France,0,1204,57001,0,338,1441,2621,2931
30UYU_03,Europe,Western Europe,France,0,93,317,0,7,64276,314,529
30UYU_04,Europe,Western Europe,France,0,0,378,0,0,32,65117,9
30UYU_05,Europe,Western Europe,France,0,386,458,0,15,2757,14876,47044
30UYU_06,Europe,Western Europe,France,0,0,933,0,0,10215,53703,685
30UYU_07,Europe,Western Europe,France,0,28,1169,0,2,3647,60480,210
30UYU_08,Europe,Western Europe,France,0,270,897,0,6,4081,56533,3749
30UYU_09,Europe,Western Europe,France,0,139,1079,0,0,7889,56092,337
30UYU_10,Europe,Western Europe,France,0,5,1332,0,1,2620,50285,11293
30UYU_11,Europe,Western Europe,France,0,669,484,0,1,28128,35930,324
30UYU_12,Europe,Western Europe,France,0,16,787,0,0,37800,26782,151
30UYU_13,Europe,Western Europe,France,0,1,1728,0,0,14616,14520,34671
30UYU_14,Europe,Western Europe,France,0,38,1783,0,0,1779,61869,67
30UYU_15,Europe,Western Europe,France,0,1280,844,0,0,14111,46953,2348
30UYU_16,Europe,Western Europe,France,0,37,453,0,0,19863,44447,736
30UYU_17,Europe,Western Europe,France,0,250,2424,17,0,9349,53240,256
30UYU_18,Europe,Western Europe,France,0,0,337,0,0,8403,56725,71
30UYU_19,Europe,Western Europe,France,0,0,25439,0,9,3014,36401,673
30UYU_20,Europe,Western Europe,France,0,0,2281,0,0,215,62029,1011
30UYU_21,Europe,Western Europe,France,0,291,992,0,6,6812,56737,698
30UYU_22,Europe,Western Europe,France,0,386,1605,0,1,1439,61370,735
30UYU_23,Europe,Western Europe,France,0,0,142,0,1,14649,50611,133
30UYU_24,Europe,Western Europe,France,0,0,23,0,0,61448,3444,621
30UYU_25,Europe,Western Europe,France,0,777,3366,0,85,15429,44966,913
30UYU_26,Europe,Western Europe,France,0,0,3020,0,6,41,61061,1408
30UYU_27,Europe,Western Europe,France,0,0,1356,0,13,12663,51206,298
30UYU_28,Europe,Western Europe,France,0,0,674,0,4,9416,55282,160
30UYU_29,Europe,Western Europe,France,0,8,646,0,26,5393,59033,430
30VUJ_00,Europe,Northern Europe,United Kingdom,0,65536,0,0,0,0,0,0
30VUJ_01,Europe,Northern Europe,United Kingdom,0,1218,3,0,2492,3,0,61820
30VUJ_02,Europe,Northern Europe,United Kingdom,6,153,0,1918,1154,3624,0,58681
30VUJ_03,Europe,Northern Europe,United Kingdom,0,65536,0,0,0,0,0,0
30VUJ_04,Europe,Northern Europe,United Kingdom,0,0,0,0,0,0,0,65536
30VUJ_05,Europe,Northern Europe,United Kingdom,1,1289,457,0,0,619,63169,1
30VUJ_06,Europe,Northern Europe,United Kingdom,0,0,0,0,0,0,0,65536
30VUJ_07,Europe,Northern Europe,United Kingdom,0,9707,0,0,0,1564,1,54264
30VUJ_08,Europe,Northern Europe,United Kingdom,0,65536,0,0,0,0,0,0
30VUJ_09,Europe,Northern Europe,United Kingdom,0,0,63,0,0,37709,3218,24546
30VUJ_10,Europe,Northern Europe,United Kingdom,0,112,0,0,0,36342,1138,27944
30VUJ_11,Europe,Northern Europe,United Kingdom,0,51178,24,0,13077,1,1033,223
30VUJ_12,Europe,Northern Europe,United Kingdom,0,0,0,0,0,54881,61,10594
30VUJ_13,Europe,Northern Europe,United Kingdom,0,64976,0,0,560,0,0,0
30VUJ_14,Europe,Northern Europe,United Kingdom,7,11386,1325,0,454,42774,497,9093
30VUJ_15,Europe,Northern Europe,United Kingdom,0,17151,94,0,283,45861,640,1507
30VUJ_16,Europe,Northern Europe,United Kingdom,0,1627,403,0,130,35192,0,28184
30VUJ_17,Europe,Northern Europe,United Kingdom,3,6179,1480,0,1696,38369,14952,2857
30VUJ_18,Europe,Northern Europe,United Kingdom,0,65270,0,0,266,0,0,0
30VUJ_19,Europe,Northern Europe,United Kingdom,3,234,121,0,822,41900,71,22385
30VUJ_20,Europe,Northern Europe,United Kingdom,0,212,2512,963,34,29520,0,32295
30VUJ_21,Europe,Northern Europe,United Kingdom,0,55028,227,0,1195,2143,6168,775
30VUJ_22,Europe,Northern Europe,United Kingdom,1,802,2,0,16,41665,15769,7281
30VUJ_23,Europe,Northern Europe,United Kingdom,0,3291,109,1217,428,29495,6,30990
30VUJ_24,Europe,Northern Europe,United Kingdom,0,33,47,0,1,35088,4774,25593
30VUJ_25,Europe,Northern Europe,United Kingdom,0,2699,412,10803,1556,29474,35,20557
30VUJ_26,Europe,Northern Europe,United Kingdom,0,13643,481,77,1510,24060,5259,20506
30VUJ_27,Europe,Northern Europe,United Kingdom,2,39,1642,159,1,49102,5879,8712
30VUJ_28,Europe,Northern Europe,United Kingdom,0,55,3,0,17,15901,251,49309
30VUJ_29,Europe,Northern Europe,United Kingdom,6,18,1,0,4322,12437,0,48752
31TCF_00,Europe,Southern Europe,Spain,0,65536,0,0,0,0,0,0
31TCF_01,Europe,Southern Europe,Spain,45,0,61521,0,0,269,3520,181
31TCF_02,Europe,Southern Europe,Spain,0,31549,0,33987,0,0,0,0
31TCF_03,Europe,Southern Europe,Spain,0,0,1,0,0,65505,9,21
31TCF_04,Europe,Southern Europe,Spain,1,0,430,0,0,0,65105,0
31TCF_05,Europe,Southern Europe,Spain,0,0,100,0,0,24792,72,40572
31TCF_06,Europe,Southern Europe,Spain,17,0,6447,0,0,22394,33545,3133
31TCF_07,Europe,Southern Europe,Spain,2,0,3254,0,0,25041,36776,463
31TCF_08,Europe,Southern Europe,Spain,104,62879,830,0,0,531,109,1083
31TCF_09,Europe,Southern Europe,Spain,8,10,2399,0,0,25255,37837,27
31TCF_10,Europe,Southern Europe,Spain,0,0,188,0,0,18,64891,439
31TCF_11,Europe,Southern Europe,Spain,13,0,2664,2,0,48424,12457,1976
31TCF_12,Europe,Southern Europe,Spain,1,0,3819,0,0,2719,58001,996
31TCF_13,Europe,Southern Europe,Spain,3,0,1331,0,0,44041,17632,2529
31TCF_14,Europe,Southern Europe,Spain,0,0,131,0,0,61125,3082,1198
31TCF_15,Europe,Southern Europe,Spain,9,41935,10411,130,0,6995,4682,1374
31TCF_16,Europe,Southern Europe,Spain,1,0,26,0,0,62017,3327,165
31TCF_17,Europe,Southern Europe,Spain,7,0,10,0,0,27900,37560,59
31TCF_18,Europe,Southern Europe,Spain,0,0,3,0,0,1001,64500,32
31TCF_19,Europe,Southern Europe,Spain,31,7609,27771,0,0,9624,12618,7883
31TCF_20,Europe,Southern Europe,Spain,0,0,37,0,0,615,64884,0
31TCF_21,Europe,Southern Europe,Spain,0,0,797,0,0,0,64739,0
31TCF_22,Europe,Southern Europe,Spain,0,0,70,0,0,1367,64090,9
31TCF_23,Europe,Southern Europe,Spain,0,0,3,0,0,0,65533,0
31TCF_24,Europe,Southern Europe,Spain,0,3,9216,0,0,40071,16081,165
31TCF_25,Europe,Southern Europe,Spain,1,0,3619,0,0,52109,4957,4850
31TCF_26,Europe,Southern Europe,Spain,11,31,92,0,0,18546,45341,1515
31TCF_27,Europe,Southern Europe,Spain,2,3,6007,0,0,1,59361,162
31TCF_28,Europe,Southern Europe,Spain,0,0,1219,0,0,43698,19645,974
31TCF_29,Europe,Southern Europe,Spain,6,0,21782,0,0,17305,22477,3966
31TEJ_00,Europe,Western Europe,France,0,65536,0,0,0,0,0,0
31TEJ_01,Europe,Western Europe,France,170,0,59100,0,0,1162,3843,1261
31TEJ_02,Europe,Western Europe,France,120,10557,2419,21048,1184,3139,20696,6373
31TEJ_03,Europe,Western Europe,France,91,45799,9873,0,1344,377,6556,1496
31TEJ_04,Europe,Southern Europe,Spain,0,0,35,0,4,64716,427,354
31TEJ_04,Europe,Western Europe,France,0,0,35,0,4,64716,427,354
31TEJ_05,Europe,Southern Europe,Spain,0,0,72,0,0,280,64968,216
31TEJ_05,Europe,Western Europe,France,0,0,72,0,0,280,64968,216
31TEJ_06,Europe,Western Europe,France,0,0,9,0,6,2897,1563,61061
31TEJ_07,Europe,Western Europe,France,10,700,1858,0,440,34313,17859,10356
31TEJ_08,Europe,Western Europe,France,0,0,17,0,0,2663,2989,59867
31TEJ_09,Europe,Western Europe,France,15,5,3115,0,7,27692,30072,4630
31TEJ_10,Europe,Western Europe,France,17,0,1981,0,23,25369,14289,23857
31TEJ_11,Europe,Western Europe,France,61,124,12850,0,0,3140,45414,3947
31TEJ_12,Europe,Southern Europe,Spain,0,0,21,0,2,57207,2546,5760
31TEJ_12,Europe,Western Europe,France,0,0,21,0,2,57207,2546,5760
31TEJ_13,Europe,Western Europe,France,13,0,143,0,331,60637,2224,2188
31TEJ_14,Europe,Western Europe,France,1,0,29,0,423,59072,2028,3983
31TEJ_15,Europe,Southern Europe,Spain,0,0,201,0,0,43936,11859,9540
31TEJ_15,Europe,Western Europe,France,0,0,201,0,0,43936,11859,9540
31TEJ_16,Europe,Southern Europe,Spain,1,0,1644,0,63,20566,31867,11395
31TEJ_16,Europe,Western Europe,France,1,0,1644,0,63,20566,31867,11395
31TEJ_17,Europe,Western Europe,France,14,0,1806,0,7,13890,49173,646
31TEJ_18,Europe,Western Europe,France,3,0,451,342,160,558,1387,62635
31TEJ_19,Europe,Western Europe,France,176,25,30673,0,1,1075,31697,1889
31TEJ_20,Europe,Western Europe,France,49,0,470,4,0,42717,372,21924
31TEJ_21,Europe,Western Europe,France,10,0,260,0,0,8538,6186,50542
31TEJ_22,Europe,Western Europe,France,1,0,562,0,2,63488,711,772
31TEJ_23,Europe,Western Europe,France,9,0,2551,0,0,1805,58457,2714
31TEJ_24,Europe,Western Europe,France,24,0,1703,0,0,3378,37815,22616
31TEJ_25,Europe,Southern Europe,Spain,0,14,206,0,315,56333,2398,6270
31TEJ_25,Europe,Western Europe,France,0,14,206,0,315,56333,2398,6270
31TEJ_26,Europe,Western Europe,France,0,155,1705,0,125,1319,61351,881
31TEJ_27,Europe,Western Europe,France,5,0,790,0,0,18187,13157,33397
31TEJ_28,Europe,Western Europe,France,17,0,5032,0,1,19572,19218,21696
31TEJ_29,Europe,Western Europe,France,0,0,60,0,47,53829,87,11513
31TGK_00,Europe,Western Europe,France,7,27866,4154,174,914,21395,7617,3409
31TGK_01,Europe,Western Europe,France,2,0,26919,0,1139,7692,29782,2
31TGK_02,Europe,Western Europe,France,0,0,0,21329,44177,0,0,30
31TGK_03,Europe,Western Europe,France,3,745,1806,103,13536,38474,2591,8278
31TGK_03,Europe,Southern Europe,Italy,3,745,1806,103,13536,38474,2591,8278
31TGK_04,Europe,Western Europe,France,0,0,142,0,192,63795,1189,218
31TGK_05,Europe,Western Europe,France,0,0,1517,0,53,238,63699,29
31TGK_06,Europe,Western Europe,France,0,207,0,0,152,968,0,64209
31TGK_07,Europe,Western Europe,France,4,0,500,15,277,9542,1515,53683
31TGK_08,Europe,Western Europe,France,1,13,1148,6,27,8690,147,55504
31TGK_08,Europe,Southern Europe,Italy,1,13,1148,6,27,8690,147,55504
31TGK_09,Europe,Western Europe,France,0,101,54,0,33,26007,736,38605
31TGK_10,Europe,Western Europe,France,0,0,747,16164,2443,15186,1890,29106
31TGK_11,Europe,Western Europe,France,1,1,505,1,3,39373,14115,11537
31TGK_12,Europe,Western Europe,France,9,10640,4687,0,1147,21960,23006,4087
31TGK_13,Europe,Western Europe,France,5,249,4212,0,47,33603,20431,6989
31TGK_14,Europe,Western Europe,France,4,0,7820,0,658,27574,26741,2739
31TGK_15,Europe,Western Europe,France,0,99,59,0,1,53970,11241,166
31TGK_16,Europe,Western Europe,France,2,128,9,0,17212,73,0,48112
31TGK_17,Europe,Western Europe,France,0,0,761,0,44,36354,27048,1329
31TGK_18,Europe,Western Europe,France,4,289,614,29377,11985,2411,0,20856
31TGK_18,Europe,Southern Europe,Italy,4,289,614,29377,11985,2411,0,20856
31TGK_19,Europe,Western Europe,France,1,0,4249,0,25,18184,40127,2950
31TGK_20,Europe,Western Europe,France,0,9,1552,39055,9673,95,0,15152
31TGK_20,Europe,Southern Europe,Italy,0,9,1552,39055,9673,95,0,15152
31TGK_21,Europe,Western Europe,France,6,86,964,0,99,21308,1643,41430
31TGK_22,Europe,Western Europe,France,4,0,1715,0,126,50706,12768,217
31TGK_23,Europe,Western Europe,France,0,0,0,6774,660,345,79,57678
31TGK_24,Europe,Western Europe,France,0,0,180,0,0,53263,5863,6230
31TGK_25,Europe,Western Europe,France,38,1,4117,0,23,33915,26722,720
31TGK_26,Europe,Western Europe,France,5,0,4637,0,22,45537,15200,135
31TGK_27,Europe,Western Europe,France,3,2477,0,0,0,0,0,63056
31TGK_28,Europe,Western Europe,France,0,43,1475,0,397,42120,11753,9748
31TGK_29,Europe,Western Europe,France,1,0,1078,0,212,52831,10484,930
31UCU_00,Europe,Northern Europe,United Kingdom,0,65536,0,0,0,0,0,0
31UCU_01,Europe,Northern Europe,United Kingdom,0,161,58123,0,12,2822,882,3536
31UCU_02,Europe,Northern Europe,United Kingdom,0,16609,32,38405,392,3600,86,6412
31UCU_03,Europe,Northern Europe,United Kingdom,0,20313,1489,23313,1292,16,14850,4263
31UCU_04,Europe,Northern Europe,United Kingdom,1,0,0,0,0,61745,3326,464
31UCU_05,Europe,Northern Europe,United Kingdom,2,0,414,0,0,87,64386,647
31UCU_06,Europe,Northern Europe,United Kingdom,0,38,0,0,0,116,10054,55328
31UCU_07,Europe,Northern Europe,United Kingdom,0,227,2592,0,0,364,54255,8098
31UCU_08,Europe,Northern Europe,United Kingdom,7,0,847,0,0,128,57580,6974
31UCU_09,Europe,Northern Europe,United Kingdom,9,6,914,0,0,715,51151,12741
31UCU_10,Europe,Northern Europe,United Kingdom,1,887,977,0,0,9027,36932,17712
31UCU_11,Europe,Northern Europe,United Kingdom,1,147,13386,0,2,3273,43159,5568
31UCU_12,Europe,Northern Europe,United Kingdom,7,0,605,0,0,1446,52927,10551
31UCU_13,Europe,Northern Europe,United Kingdom,13,12,1210,0,0,834,57065,6402
31UCU_14,Europe,Northern Europe,United Kingdom,25,1102,2471,0,0,4510,33096,24332
31UCU_15,Europe,Northern Europe,United Kingdom,14,0,773,0,0,430,58209,6110
31UCU_16,Europe,Northern Europe,United Kingdom,21,166,2315,0,0,1257,48789,12988
31UCU_17,Europe,Northern Europe,United Kingdom,41,52,482,0,0,4278,59137,1546
31UCU_18,Europe,Northern Europe,United Kingdom,119,1105,2188,0,0,5788,29613,26723
31UCU_19,Europe,Northern Europe,United Kingdom,3,0,2607,0,0,319,61627,980
31UCU_20,Europe,Northern Europe,United Kingdom,19,50746,1543,30,71,4,12007,1116
31UCU_21,Europe,Northern Europe,United Kingdom,19,0,1790,0,0,4438,51961,7328
31UCU_22,Europe,Northern Europe,United Kingdom,0,418,900,0,0,1934,61857,427
31UCU_23,Europe,Northern Europe,United Kingdom,10,0,387,0,0,1885,61582,1672
31UCU_24,Europe,Northern Europe,United Kingdom,1,41,2517,0,0,821,55345,6811
31UCU_25,Europe,Northern Europe,United Kingdom,3,11,12314,0,0,2269,35331,15608
31UCU_26,Europe,Northern Europe,United Kingdom,0,232,3785,0,0,2398,53535,5586
31UCU_27,Europe,Northern Europe,United Kingdom,4,766,11967,0,0,857,42029,9913
31UCU_28,Europe,Northern Europe,United Kingdom,13,0,18563,0,6,1115,31710,14129
31UCU_29,Europe,Northern Europe,United Kingdom,1,34,2867,0,0,295,60516,1823
32TPT_00,Europe,Western Europe,Austria,0,63134,10,0,14,1874,504,0
32TPT_00,Europe,Western Europe,Germany,0,63134,10,0,14,1874,504,0
32TPT_01,Europe,Western Europe,Austria,0,1907,63376,0,48,179,26,0
32TPT_01,Europe,Western Europe,Germany,0,1907,63376,0,48,179,26,0
32TPT_02,Europe,Western Europe,Austria,1,0,0,0,65535,0,0,0
32TPT_02,Europe,Southern Europe,Italy,1,0,0,0,65535,0,0,0
32TPT_03,Europe,Western Europe,Austria,0,2460,30970,0,101,21984,10021,0
32TPT_04,Europe,Western Europe,Austria,0,3,0,0,0,65171,362,0
32TPT_04,Europe,Western Europe,Germany,0,3,0,0,0,65171,362,0
32TPT_05,Europe,Western Europe,Austria,0,796,148,0,0,329,64261,2
32TPT_05,Europe,Western Europe,Germany,0,796,148,0,0,329,64261,2
32TPT_06,Europe,Western Europe,Austria,0,0,0,0,0,39,18,65479
32TPT_06,Europe,Southern Europe,Italy,0,0,0,0,0,39,18,65479
32TPT_07,Europe,Western Europe,Austria,0,63,477,0,13,21863,43120,0
32TPT_07,Europe,Western Europe,Germany,0,63,477,0,13,21863,43120,0
32TPT_08,Europe,Western Europe,Austria,18,280,410,0,29,36644,1676,26479
32TPT_08,Europe,Western Europe,Germany,18,280,410,0,29,36644,1676,26479
32TPT_09,Europe,Western Europe,Austria,0,378,0,0,52238,21,0,12899
32TPT_09,Europe,Southern Europe,Italy,0,378,0,0,52238,21,0,12899
32TPT_10,Europe,Western Europe,Austria,1,0,455,0,0,41422,8328,15330
32TPT_11,Europe,Western Europe,Austria,0,0,250,0,0,38350,1872,25064
32TPT_12,Europe,Western Europe,Austria,9,1,0,0,35831,0,0,29695
32TPT_12,Europe,Southern Europe,Italy,9,1,0,0,35831,0,0,29695
32TPT_13,Europe,Western Europe,Austria,0,96,36,0,0,2765,3,62636
32TPT_13,Europe,Southern Europe,Italy,0,96,36,0,0,2765,3,62636
32TPT_14,Europe,Western Europe,Austria,0,0,1826,0,8,43119,20300,283
32TPT_15,Europe,Western Europe,Austria,12,0,163,0,4403,1224,0,59734
32TPT_15,Europe,Southern Europe,Italy,12,0,163,0,4403,1224,0,59734
32TPT_16,Europe,Western Europe,Austria,2,0,169,0,0,40226,54,25085
32TPT_16,Europe,Western Europe,Germany,2,0,169,0,0,40226,54,25085
32TPT_17,Europe,Western Europe,Austria,33,11947,4804,0,134,34982,11912,1724
32TPT_17,Europe,Western Europe,Germany,33,11947,4804,0,134,34982,11912,1724
32TPT_18,Europe,Western Europe,Austria,2,10,0,0,1024,648,4,63848
32TPT_18,Europe,Southern Europe,Italy,2,10,0,0,1024,648,4,63848
32TPT_19,Europe,Western Europe,Austria,2,727,1858,0,215,27444,13027,22263
32TPT_19,Europe,Western Europe,Germany,2,727,1858,0,215,27444,13027,22263
32TPT_20,Europe,Western Europe,Austria,0,98,0,0,3112,1562,0,60764
32TPT_21,Europe,Western Europe,Austria,0,269,470,0,12331,25657,33,26776
32TPT_21,Europe,Western Europe,Germany,0,269,470,0,12331,25657,33,26776
32TPT_22,Europe,Western Europe,Austria,0,0,418,0,0,48578,16515,25
32TPT_22,Europe,Western Europe,Germany,0,0,418,0,0,48578,16515,25
32TPT_23,Europe,Western Europe,Austria,0,125,124,0,2,34193,1003,30089
32TPT_23,Europe,Southern Europe,Italy,0,125,124,0,2,34193,1003,30089
32TPT_24,Europe,Western Europe,Austria,0,1,924,0,0,24008,40558,45
32TPT_24,Europe,Western Europe,Germany,0,1,924,0,0,24008,40558,45
32TPT_25,Europe,Western Europe,Austria,0,2829,151,0,34,59701,2303,518
32TPT_25,Europe,Western Europe,Germany,0,2829,151,0,34,59701,2303,518
32TPT_26,Europe,Western Europe,Austria,1,0,53,0,6,35829,4848,24799
32TPT_26,Europe,Southern Europe,Italy,1,0,53,0,6,35829,4848,24799
32TPT_27,Europe,Western Europe,Austria,0,16,5,0,5,62556,345,2609
32TPT_27,Europe,Western Europe,Germany,0,16,5,0,5,62556,345,2609
32TPT_28,Europe,Western Europe,Austria,0,0,462,0,0,23817,41257,0
32TPT_28,Europe,Western Europe,Germany,0,0,462,0,0,23817,41257,0
32TPT_29,Europe,Western Europe,Austria,18,607,860,0,67,37038,238,26708
32TPT_29,Europe,Western Europe,Germany,18,607,860,0,67,37038,238,26708
32TQT_00,Europe,Western Europe,Austria,0,43200,5468,0,194,5039,11595,40
32TQT_00,Europe,Western Europe,Germany,0,43200,5468,0,194,5039,11595,40
32TQT_01,Europe,Western Europe,Austria,9,2416,24404,0,769,9028,28869,41
32TQT_01,Europe,Western Europe,Germany,9,2416,24404,0,769,9028,28869,41
32TQT_02,Europe,Western Europe,Austria,26,0,6,0,65504,0,0,0
32TQT_03,Europe,Western Europe,Austria,3,2374,22592,0,6746,9287,24534,0
32TQT_03,Europe,Western Europe,Germany,3,2374,22592,0,6746,9287,24534,0
32TQT_04,Europe,Western Europe,Austria,0,0,239,0,6,63758,718,815
32TQT_04,Europe,Western Europe,Germany,0,0,239,0,6,63758,718,815
32TQT_05,Europe,Western Europe,Austria,1,0,3017,0,469,2587,59442,20
32TQT_05,Europe,Western Europe,Germany,1,0,3017,0,469,2587,59442,20
32TQT_06,Europe,Western Europe,Austria,1,0,0,0,4,124,0,65407
32TQT_06,Europe,Western Europe,Germany,1,0,0,0,4,124,0,65407
32TQT_07,Europe,Western Europe,Austria,0,757,5116,0,816,19324,39523,0
32TQT_07,Europe,Western Europe,Germany,0,757,5116,0,816,19324,39523,0
32TQT_08,Europe,Western Europe,Austria,24,957,212,0,1777,13964,689,47913
32TQT_09,Europe,Western Europe,Austria,0,0,5440,0,7,6632,53457,0
32TQT_09,Europe,Western Europe,Germany,0,0,5440,0,7,6632,53457,0
32TQT_10,Europe,Western Europe,Austria,0,85,57,0,0,27894,5110,32390
32TQT_11,Europe,Western Europe,Austria,0,44,0,0,28673,1005,0,35814
32TQT_11,Europe,Southern Europe,Italy,0,44,0,0,28673,1005,0,35814
32TQT_12,Europe,Western Europe,Austria,0,0,129,0,15,54751,9895,746
32TQT_12,Europe,Western Europe,Germany,0,0,129,0,15,54751,9895,746
32TQT_13,Europe,Western Europe,Austria,0,3506,0,0,53298,728,0,8004
32TQT_13,Europe,Southern Europe,Italy,0,3506,0,0,53298,728,0,8004
32TQT_14,Europe,Western Europe,Austria,1,732,0,0,7196,11853,375,45379
32TQT_14,Europe,Southern Europe,Italy,1,732,0,0,7196,11853,375,45379
32TQT_15,Europe,Western Europe,Austria,18,11,161,0,6180,8438,1200,49528
32TQT_15,Europe,Southern Europe,Italy,18,11,161,0,6180,8438,1200,49528
32TQT_16,Europe,Western Europe,Austria,0,0,0,0,56320,0,0,9216
32TQT_16,Europe,Southern Europe,Italy,0,0,0,0,56320,0,0,9216
32TQT_17,Europe,Western Europe,Austria,0,13,0,0,26625,16881,7,22010
32TQT_17,Europe,Southern Europe,Italy,0,13,0,0,26625,16881,7,22010
32TQT_18,Europe,Western Europe,Austria,0,76,23,0,16624,14876,150,33787
32TQT_18,Europe,Southern Europe,Italy,0,76,23,0,16624,14876,150,33787
32TQT_19,Europe,Western Europe,Austria,342,875,35,0,1512,26837,240,35695
32TQT_19,Europe,Western Europe,Germany,342,875,35,0,1512,26837,240,35695
32TQT_20,Europe,Western Europe,Austria,9,88,797,0,176,41923,6367,16176
32TQT_20,Europe,Western Europe,Germany,9,88,797,0,176,41923,6367,16176
32TQT_21,Europe,Western Europe,Austria,0,416,1455,0,0,59393,3814,458
32TQT_21,Europe,Western Europe,Germany,0,416,1455,0,0,59393,3814,458
32TQT_22,Europe,Western Europe,Austria,4,2294,2161,0,1,42576,12124,6376
32TQT_22,Europe,Western Europe,Germany,4,2294,2161,0,1,42576,12124,6376
32TQT_23,Europe,Western Europe,Austria,0,0,45,0,4,50450,3604,11433
32TQT_23,Europe,Western Europe,Germany,0,0,45,0,4,50450,3604,11433
32TQT_24,Europe,Western Europe,Austria,0,1481,5105,0,28,24063,34496,363
32TQT_24,Europe,Western Europe,Germany,0,1481,5105,0,28,24063,34496,363
32TQT_25,Europe,Western Europe,Austria,0,0,847,0,25,27479,30245,6940
32TQT_26,Europe,Western Europe,Austria,0,14,8,0,65,37314,6982,21153
32TQT_26,Europe,Western Europe,Germany,0,14,8,0,65,37314,6982,21153
32TQT_27,Europe,Western Europe,Austria,18,192,3957,0,17,25737,31924,3691
32TQT_28,Europe,Western Europe,Austria,12,0,180,0,1383,9498,91,54372
32TQT_29,Europe,Western Europe,Austria,0,134,6453,0,1,26086,31696,1166
32TQT_29,Europe,Western Europe,Germany,0,134,6453,0,1,26086,31696,1166
32UQD_00,Europe,Western Europe,Germany,0,52424,192,0,0,3239,3725,5956
32UQD_01,Europe,Western Europe,Germany,0,278,60031,0,9,1935,426,2857
32UQD_02,Europe,Western Europe,Germany,3,0,554,0,0,1977,58324,4678
32UQD_03,Europe,Western Europe,Germany,0,0,20414,0,1,72,43397,1652
32UQD_04,Europe,Western Europe,Germany,0,0,0,0,0,944,64591,1
32UQD_05,Europe,Western Europe,Germany,0,0,3,0,0,1,65503,29
32UQD_06,Europe,Western Europe,Germany,0,0,0,0,0,0,60493,5043
32UQD_07,Europe,Western Europe,Germany,0,0,115,0,0,2,65419,0
32UQD_08,Europe,Western Europe,Germany,7,0,461,0,23,3851,60661,533
32UQD_09,Europe,Western Europe,Germany,7,0,1557,0,19,55877,4241,3835
32UQD_10,Europe,Western Europe,Germany,6,0,423,0,0,8917,54447,1743
32UQD_11,Europe,Western Europe,Germany,14,983,22040,0,19,18326,10074,14080
32UQD_12,Europe,Western Europe,Germany,2,12429,1862,0,1,9405,34541,7296
32UQD_13,Europe,Western Europe,Germany,0,7062,168,0,225,54795,259,3027
32UQD_14,Europe,Western Europe,Germany,2,7540,2091,0,33,3803,45981,6086
32UQD_15,Europe,Western Europe,Germany,1,2,780,0,0,22284,38784,3685
32UQD_16,Europe,Western Europe,Germany,15,12279,25987,0,1,5510,4744,17000
32UQD_17,Europe,Western Europe,Germany,0,0,171,0,16,1190,63910,249
32UQD_18,Europe,Western Europe,Germany,5,0,2438,0,0,2222,60853,18
32UQD_19,Europe,Western Europe,Germany,0,0,928,0,36,6711,56993,868
32UQD_20,Europe,Western Europe,Germany,1,0,394,0,9,9128,53385,2619
32UQD_21,Europe,Western Europe,Germany,0,0,999,0,0,238,63909,390
32UQD_22,Europe,Western Europe,Germany,0,4703,312,0,242,29031,7059,24189
32UQD_23,Europe,Western Europe,Germany,0,0,741,0,25,32307,28967,3496
32UQD_24,Europe,Western Europe,Germany,0,5,469,0,37,14769,47960,2296
32UQD_25,Europe,Western Europe,Germany,0,4684,5080,0,112,497,51217,3946
32UQD_26,Europe,Western Europe,Germany,0,0,834,0,0,264,63418,1020
32UQD_27,Europe,Western Europe,Germany,26,0,940,0,18,17161,43059,4332
32UQD_28,Europe,Western Europe,Germany,0,0,127,0,0,49427,13132,2850
32UQD_29,Europe,Western Europe,Germany,6,1186,50966,0,10,3867,3838,5663
34SEH_00,Europe,Southern Europe,Greece,0,65536,0,0,0,0,0,0
34SEH_01,Europe,Southern Europe,Greece,6,140,62336,0,51,259,1736,1008
34SEH_02,Europe,Southern Europe,Greece,0,0,0,62155,0,19,0,3362
34SEH_03,Europe,Southern Europe,Greece,0,44342,3104,0,9,53,14003,4025
34SEH_04,Europe,Southern Europe,Greece,0,0,0,0,0,65310,214,12
34SEH_05,Europe,Southern Europe,Greece,23,0,3627,0,0,383,57614,3889
34SEH_06,Europe,Southern Europe,Greece,0,0,313,0,0,2544,6463,56216
34SEH_07,Europe,Southern Europe,Greece,14,9,251,1868,18,60499,587,2290
34SEH_08,Europe,Southern Europe,Greece,0,0,693,0,0,8416,24961,31466
34SEH_09,Europe,Southern Europe,Greece,0,29,491,1025,5,6241,2642,55103
34SEH_10,Europe,Southern Europe,Greece,0,0,550,0,106,13296,6995,44589
34SEH_11,Europe,Southern Europe,Greece,0,17800,146,0,333,20034,17636,9587
34SEH_12,Europe,Southern Europe,Greece,3,0,1435,0,762,40857,7020,15459
34SEH_13,Europe,Southern Europe,Greece,3,0,2298,0,28,9008,29568,24631
34SEH_14,Europe,Southern Europe,Greece,5,0,7185,623,0,5485,2582,49656
34SEH_15,Europe,Southern Europe,Greece,4,2,7782,0,128,4824,38427,14369
34SEH_16,Europe,Southern Europe,Greece,0,175,892,0,556,47443,7766,8704
34SEH_17,Europe,Southern Europe,Greece,1,2,870,0,104,42334,18787,3438
34SEH_18,Europe,Southern Europe,Greece,0,1860,451,0,2123,48651,2594,9857
34SEH_19,Europe,Southern Europe,Greece,0,0,663,0,0,1669,737,62467
34SEH_20,Europe,Southern Europe,Greece,0,0,0,930,0,32956,1,31649
34SEH_21,Europe,Southern Europe,Greece,3,0,4883,0,0,0,60414,236
34SEH_22,Europe,Southern Europe,Greece,0,0,0,0,0,0,0,65536
34SEH_23,Europe,Southern Europe,Greece,7,0,368,0,0,744,2381,62036
34SEH_24,Europe,Southern Europe,Greece,4,0,136,0,0,26863,3594,34939
34SEH_25,Europe,Southern Europe,Greece,59,204,2302,0,590,67,58564,3750
34SEH_26,Europe,Southern Europe,Greece,1,0,368,0,120,16950,32082,16015
34SEH_27,Europe,Southern Europe,Greece,44,0,1466,0,44,6550,4414,53018
34SEH_28,Europe,Southern Europe,Greece,7,4738,1410,0,24,2686,49532,7139
34SEH_29,Europe,Southern Europe,Greece,0,0,340,0,0,31856,714,32626
34TCN_00,Europe,Southern Europe,Montenegro,0,51023,333,12,0,181,157,13830
34TCN_01,Europe,Southern Europe,Albania,0,264,52783,0,0,728,8379,3382
34TCN_01,Europe,Southern Europe,Croatia,0,264,52783,0,0,728,8379,3382
34TCN_01,Europe,Southern Europe,Montenegro,0,264,52783,0,0,728,8379,3382
34TCN_01,Europe,Southern Europe,Republic of Serbia,0,264,52783,0,0,728,8379,3382
34TCN_02,Europe,Southern Europe,Bosnia and Herzegovina,0,0,32,5120,47728,992,0,11664
34TCN_02,Europe,Southern Europe,Bosnia and Herzegovina,0,0,32,5120,47728,992,0,11664
34TCN_02,Europe,Southern Europe,Croatia,0,0,32,5120,47728,992,0,11664
34TCN_02,Europe,Southern Europe,Montenegro,0,0,32,5120,47728,992,0,11664
34TCN_03,Europe,Southern Europe,Bosnia and Herzegovina,0,0,0,0,0,65525,0,11
34TCN_03,Europe,Southern Europe,Montenegro,0,0,0,0,0,65525,0,11
34TCN_03,Europe,Southern Europe,Republic of Serbia,0,0,0,0,0,65525,0,11
34TCN_04,Europe,Southern Europe,Bosnia and Herzegovina,0,0,258,0,755,104,63169,1250
34TCN_04,Europe,Southern Europe,Bosnia and Herzegovina,0,0,258,0,755,104,63169,1250
34TCN_04,Europe,Southern Europe,Croatia,0,0,258,0,755,104,63169,1250
34TCN_04,Europe,Southern Europe,Montenegro,0,0,258,0,755,104,63169,1250
34TCN_05,Europe,Southern Europe,Bosnia and Herzegovina,0,0,0,0,157,0,0,65379
34TCN_05,Europe,Southern Europe,Croatia,0,0,0,0,157,0,0,65379
34TCN_05,Europe,Southern Europe,Montenegro,0,0,0,0,157,0,0,65379
34TCN_05,Europe,Southern Europe,Republic of Serbia,0,0,0,0,157,0,0,65379
34TCN_06,Europe,Southern Europe,Bosnia and Herzegovina,0,0,1001,0,0,19355,40,45140
34TCN_06,Europe,Southern Europe,Bosnia and Herzegovina,0,0,1001,0,0,19355,40,45140
34TCN_06,Europe,Southern Europe,Croatia,0,0,1001,0,0,19355,40,45140
34TCN_06,Europe,Southern Europe,Montenegro,0,0,1001,0,0,19355,40,45140
34TCN_07,Europe,Southern Europe,Bosnia and Herzegovina,0,510,4151,59,0,17138,39966,3712
34TCN_07,Europe,Southern Europe,Bosnia and Herzegovina,0,510,4151,59,0,17138,39966,3712
34TCN_07,Europe,Southern Europe,Croatia,0,510,4151,59,0,17138,39966,3712
34TCN_07,Europe,Southern Europe,Montenegro,0,510,4151,59,0,17138,39966,3712
34TCN_08,Europe,Southern Europe,Bosnia and Herzegovina,0,0,823,143,0,53365,1773,9432
34TCN_08,Europe,Southern Europe,Bosnia and Herzegovina,0,0,823,143,0,53365,1773,9432
34TCN_08,Europe,Southern Europe,Croatia,0,0,823,143,0,53365,1773,9432
34TCN_08,Europe,Southern Europe,Montenegro,0,0,823,143,0,53365,1773,9432
34TCN_09,Europe,Southern Europe,Bosnia and Herzegovina,0,548,766,32,0,43416,491,20283
34TCN_09,Europe,Southern Europe,Croatia,0,548,766,32,0,43416,491,20283
34TCN_09,Europe,Southern Europe,Montenegro,0,548,766,32,0,43416,491,20283
34TCN_09,Europe,Southern Europe,Republic of Serbia,0,548,766,32,0,43416,491,20283
34TCN_10,Europe,Southern Europe,Albania,0,0,1023,23,0,10342,822,53326
34TCN_10,Europe,Southern Europe,Montenegro,0,0,1023,23,0,10342,822,53326
34TCN_10,Europe,Southern Europe,Republic of Serbia,0,0,1023,23,0,10342,822,53326
34TCN_11,Europe,Southern Europe,Albania,0,0,806,0,0,31162,1209,32359
34TCN_11,Europe,Southern Europe,Montenegro,0,0,806,0,0,31162,1209,32359
34TCN_11,Europe,Southern Europe,Republic of Serbia,0,0,806,0,0,31162,1209,32359
34TCN_12,Europe,Southern Europe,Bosnia and Herzegovina,0,0,0,0,0,24,0,65512
34TCN_12,Europe,Southern Europe,Croatia,0,0,0,0,0,24,0,65512
34TCN_12,Europe,Southern Europe,Montenegro,0,0,0,0,0,24,0,65512
34TCN_12,Europe,Southern Europe,Republic of Serbia,0,0,0,0,0,24,0,65512
34TCN_13,Europe,Southern Europe,Croatia,0,0,3677,0,0,5659,39190,17010
34TCN_13,Europe,Southern Europe,Montenegro,0,0,3677,0,0,5659,39190,17010
34TCN_13,Europe,Southern Europe,Republic of Serbia,0,0,3677,0,0,5659,39190,17010
34TCN_14,Europe,Southern Europe,Bosnia and Herzegovina,0,34,877,80,1072,2910,85,60478
34TCN_14,Europe,Southern Europe,Bosnia and Herzegovina,0,34,877,80,1072,2910,85,60478
34TCN_14,Europe,Southern Europe,Croatia,0,34,877,80,1072,2910,85,60478
34TCN_14,Europe,Southern Europe,Montenegro,0,34,877,80,1072,2910,85,60478
34TCN_15,Europe,Southern Europe,Bosnia and Herzegovina,0,0,3,0,8,32881,764,31880
34TCN_15,Europe,Southern Europe,Croatia,0,0,3,0,8,32881,764,31880
34TCN_15,Europe,Southern Europe,Montenegro,0,0,3,0,8,32881,764,31880
34TCN_15,Europe,Southern Europe,Republic of Serbia,0,0,3,0,8,32881,764,31880
34TCN_16,Europe,Southern Europe,Bosnia and Herzegovina,0,0,13,0,0,42346,9405,13772
34TCN_16,Europe,Southern Europe,Croatia,0,0,13,0,0,42346,9405,13772
34TCN_16,Europe,Southern Europe,Montenegro,0,0,13,0,0,42346,9405,13772
34TCN_17,Europe,Southern Europe,Bosnia and Herzegovina,0,0,37,0,0,18075,1003,46421
34TCN_17,Europe,Southern Europe,Croatia,0,0,37,0,0,18075,1003,46421
34TCN_17,Europe,Southern Europe,Montenegro,0,0,37,0,0,18075,1003,46421
34TCN_17,Europe,Southern Europe,Republic of Serbia,0,0,37,0,0,18075,1003,46421
34TCN_18,Europe,Southern Europe,Bosnia and Herzegovina,0,0,557,0,0,0,0,64979
34TCN_18,Europe,Southern Europe,Bosnia and Herzegovina,0,0,557,0,0,0,0,64979
34TCN_18,Europe,Southern Europe,Croatia,0,0,557,0,0,0,0,64979
34TCN_18,Europe,Southern Europe,Montenegro,0,0,557,0,0,0,0,64979
34TCN_19,Europe,Southern Europe,Albania,0,22,338,0,1,32708,337,32130
34TCN_19,Europe,Southern Europe,Montenegro,0,22,338,0,1,32708,337,32130
34TCN_19,Europe,Southern Europe,Republic of Serbia,0,22,338,0,1,32708,337,32130
34TCN_20,Europe,Southern Europe,Albania,0,0,209,0,0,41416,32,23879
34TCN_20,Europe,Southern Europe,Montenegro,0,0,209,0,0,41416,32,23879
34TCN_20,Europe,Southern Europe,Republic of Serbia,0,0,209,0,0,41416,32,23879
34TCN_21,Europe,Southern Europe,Albania,0,0,17,0,0,43760,13,21746
34TCN_21,Europe,Southern Europe,Montenegro,0,0,17,0,0,43760,13,21746
34TCN_21,Europe,Southern Europe,Republic of Serbia,0,0,17,0,0,43760,13,21746
34TCN_22,Europe,Southern Europe,Bosnia and Herzegovina,0,0,53,0,0,24317,15272,25894
34TCN_22,Europe,Southern Europe,Bosnia and Herzegovina,0,0,53,0,0,24317,15272,25894
34TCN_22,Europe,Southern Europe,Croatia,0,0,53,0,0,24317,15272,25894
34TCN_22,Europe,Southern Europe,Montenegro,0,0,53,0,0,24317,15272,25894
34TCN_23,Europe,Southern Europe,Bosnia and Herzegovina,0,4,159,0,0,44235,970,20168
34TCN_23,Europe,Southern Europe,Croatia,0,4,159,0,0,44235,970,20168
34TCN_23,Europe,Southern Europe,Montenegro,0,4,159,0,0,44235,970,20168
34TCN_23,Europe,Southern Europe,Republic of Serbia,0,4,159,0,0,44235,970,20168
34TCN_24,Europe,Southern Europe,Albania,0,0,184,0,33,36592,6,28721
34TCN_24,Europe,Southern Europe,Montenegro,0,0,184,0,33,36592,6,28721
34TCN_24,Europe,Southern Europe,Republic of Serbia,0,0,184,0,33,36592,6,28721
34TCN_25,Europe,Southern Europe,Montenegro,0,0,0,0,0,63146,0,2390
34TCN_25,Europe,Southern Europe,Republic of Serbia,0,0,0,0,0,63146,0,2390
34TCN_26,Europe,Southern Europe,Bosnia and Herzegovina,0,56,0,0,0,54668,136,10676
34TCN_26,Europe,Southern Europe,Croatia,0,56,0,0,0,54668,136,10676
34TCN_26,Europe,Southern Europe,Montenegro,0,56,0,0,0,54668,136,10676
34TCN_26,Europe,Southern Europe,Republic of Serbia,0,56,0,0,0,54668,136,10676
34TCN_27,Europe,Southern Europe,Bosnia and Herzegovina,0,0,0,0,0,45,0,65491
34TCN_27,Europe,Southern Europe,Croatia,0,0,0,0,0,45,0,65491
34TCN_27,Europe,Southern Europe,Montenegro,0,0,0,0,0,45,0,65491
34TCN_27,Europe,Southern Europe,Republic of Serbia,0,0,0,0,0,45,0,65491
34TCN_28,Europe,Southern Europe,Bosnia and Herzegovina,0,0,354,0,0,56312,12,8858
34TCN_28,Europe,Southern Europe,Bosnia and Herzegovina,0,0,354,0,0,56312,12,8858
34TCN_28,Europe,Southern Europe,Croatia,0,0,354,0,0,56312,12,8858
34TCN_28,Europe,Southern Europe,Montenegro,0,0,354,0,0,56312,12,8858
34TCN_29,Europe,Southern Europe,Bosnia and Herzegovina,0,0,1015,0,0,48856,2209,13456
34TCN_29,Europe,Southern Europe,Croatia,0,0,1015,0,0,48856,2209,13456
34TCN_29,Europe,Southern Europe,Montenegro,0,0,1015,0,0,48856,2209,13456
35TMH_00,Europe,Eastern Europe,Bulgaria,6,46168,320,1,0,7780,638,10623
35TMH_01,Europe,Eastern Europe,Bulgaria,22,0,62847,0,0,1161,189,1317
35TMH_02,Europe,Eastern Europe,Bulgaria,0,247,0,0,0,5009,470,59810
35TMH_03,Europe,Eastern Europe,Bulgaria,0,275,51222,0,0,3344,5796,4899
35TMH_04,Europe,Eastern Europe,Bulgaria,0,0,0,0,0,65441,6,89
35TMH_05,Europe,Eastern Europe,Bulgaria,0,0,0,0,0,0,65536,0
35TMH_06,Europe,Eastern Europe,Bulgaria,12,0,483,0,0,488,3040,61513
35TMH_07,Europe,Eastern Europe,Bulgaria,0,0,1488,0,0,0,61564,2484
35TMH_08,Europe,Eastern Europe,Bulgaria,1,59,1027,0,0,283,61135,3031
35TMH_09,Europe,Eastern Europe,Bulgaria,1,0,392,0,0,24694,36976,3473
35TMH_10,Europe,Eastern Europe,Bulgaria,29,0,156,0,0,46253,18507,591
35TMH_11,Europe,Eastern Europe,Bulgaria,99,0,862,0,0,1658,31535,31382
35TMH_12,Europe,Eastern Europe,Bulgaria,0,0,1501,0,0,7318,50687,6030
35TMH_13,Europe,Eastern Europe,Bulgaria,0,0,5,0,0,353,62010,3168
35TMH_14,Europe,Eastern Europe,Bulgaria,96,0,2352,0,0,159,53702,9227
35TMH_15,Europe,Eastern Europe,Bulgaria,13,0,2344,0,0,277,61367,1535
35TMH_16,Europe,Eastern Europe,Bulgaria,4,0,3224,0,0,1448,59125,1735
35TMH_17,Europe,Eastern Europe,Bulgaria,0,329,287,0,0,31443,31450,2027
35TMH_18,Europe,Eastern Europe,Bulgaria,0,0,231,0,0,28532,2179,34594
35TMH_19,Europe,Eastern Europe,Bulgaria,0,38,0,0,0,19879,31153,14466
35TMH_20,Europe,Eastern Europe,Bulgaria,3,0,1156,0,0,50277,1071,13029
35TMH_21,Europe,Eastern Europe,Bulgaria,0,0,815,0,0,73,34463,30185
35TMH_22,Europe,Eastern Europe,Bulgaria,0,0,35,0,0,51069,7828,6604
35TMH_23,Europe,Eastern Europe,Bulgaria,0,0,0,0,0,63459,773,1304
35TMH_24,Europe,Eastern Europe,Bulgaria,0,0,69,0,0,42485,22041,941
35TMH_25,Europe,Eastern Europe,Bulgaria,0,58,1397,0,4,9672,45694,8711
35TMH_26,Europe,Eastern Europe,Bulgaria,6,0,1042,0,0,17469,46062,957
35TMH_27,Europe,Eastern Europe,Bulgaria,0,0,0,0,0,77,65191,268
35TMH_28,Europe,Eastern Europe,Bulgaria,0,0,3,0,0,53487,130,11916
35TMH_29,Europe,Eastern Europe,Bulgaria,0,247,1501,0,16,301,59498,3973
35UMU_00,Europe,Eastern Europe,Belarus,0,65536,0,0,0,0,0,0
35UMU_01,Europe,Eastern Europe,Belarus,0,0,58017,0,1166,35,5231,1087
35UMU_02,Europe,Eastern Europe,Belarus,0,23,1595,0,30,1089,60565,2234
35UMU_03,Europe,Eastern Europe,Belarus,0,3499,61,0,22,6929,40814,14211
35UMU_04,Europe,Eastern Europe,Belarus,0,0,0,0,0,65028,0,508
35UMU_05,Europe,Eastern Europe,Belarus,0,0,0,0,0,0,65536,0
35UMU_06,Europe,Eastern Europe,Belarus,0,0,0,0,0,6,220,65310
35UMU_07,Europe,Eastern Europe,Belarus,0,38483,501,0,731,11205,486,14130
35UMU_08,Europe,Eastern Europe,Belarus,0,0,0,0,0,29792,499,35245
35UMU_09,Europe,Eastern Europe,Belarus,2,0,75,0,0,1705,61770,1984
35UMU_10,Europe,Eastern Europe,Belarus,0,3,3053,0,0,2633,56706,3141
35UMU_10,Europe,Eastern Europe,Ukraine,0,3,3053,0,0,2633,56706,3141
35UMU_11,Europe,Eastern Europe,Belarus,0,0,113,0,0,253,64830,340
35UMU_12,Europe,Eastern Europe,Belarus,1,4193,4,0,16,204,23075,38043
35UMU_13,Europe,Eastern Europe,Belarus,0,0,1073,19,0,50142,4153,10149
35UMU_14,Europe,Eastern Europe,Belarus,0,39,676,0,13,45010,1984,17814
35UMU_15,Europe,Eastern Europe,Belarus,0,0,437,0,34,35853,24562,4650
35UMU_16,Europe,Eastern Europe,Belarus,0,0,1802,0,4,20,60155,3555
35UMU_17,Europe,Eastern Europe,Belarus,0,0,722,0,70,12422,48527,3795
35UMU_18,Europe,Eastern Europe,Belarus,0,0,537,0,2,37688,15804,11505
35UMU_19,Europe,Eastern Europe,Belarus,1,0,78,0,36,47524,9121,8776
35UMU_19,Europe,Eastern Europe,Ukraine,1,0,78,0,36,47524,9121,8776
35UMU_20,Europe,Eastern Europe,Belarus,0,0,0,0,0,60531,75,4930
35UMU_21,Europe,Eastern Europe,Belarus,10,0,2419,0,1,1336,61093,677
35UMU_22,Europe,Eastern Europe,Belarus,0,0,458,0,1,55194,1326,8557
35UMU_22,Europe,Eastern Europe,Ukraine,0,0,458,0,1,55194,1326,8557
35UMU_23,Europe,Eastern Europe,Belarus,11,12344,240,0,75,37264,8032,7570
35UMU_24,Europe,Eastern Europe,Belarus,40,0,698,0,13,24572,34417,5796
35UMU_25,Europe,Eastern Europe,Belarus,62,0,1917,0,50,20316,36350,6841
35UMU_26,Europe,Eastern Europe,Belarus,0,0,223,0,46,4369,59629,1269
35UMU_27,Europe,Eastern Europe,Belarus,86,0,1276,0,96,1933,59829,2316
35UMU_28,Europe,Eastern Europe,Belarus,0,1,4,0,3,44620,3101,17807
35UMU_29,Europe,Eastern Europe,Belarus,2,0,569,0,51,40579,10869,13466
35UMU_29,Europe,Eastern Europe,Ukraine,2,0,569,0,51,40579,10869,13466
36UVB_00,Europe,Eastern Europe,Belarus,0,10018,115,64,473,30122,3242,21502
36UVB_00,Europe,Eastern Europe,Russia,0,10018,115,64,473,30122,3242,21502
36UVB_00,Europe,Eastern Europe,Ukraine,0,10018,115,64,473,30122,3242,21502
36UVB_01,Europe,Eastern Europe,Russia,0,2,48603,0,13,3205,5333,8380
36UVB_01,Europe,Eastern Europe,Ukraine,0,2,48603,0,13,3205,5333,8380
36UVB_02,Europe,Eastern Europe,Belarus,0,7854,214,0,119,17420,4206,35723
36UVB_02,Europe,Eastern Europe,Russia,0,7854,214,0,119,17420,4206,35723
36UVB_02,Europe,Eastern Europe,Ukraine,0,7854,214,0,119,17420,4206,35723
36UVB_03,Europe,Eastern Europe,Russia,0,0,903,0,0,62209,1142,1282
36UVB_03,Europe,Eastern Europe,Ukraine,0,0,903,0,0,62209,1142,1282
36UVB_04,Europe,Eastern Europe,Russia,0,0,182,0,0,0,65319,35
36UVB_04,Europe,Eastern Europe,Ukraine,0,0,182,0,0,0,65319,35
36UVB_05,Europe,Eastern Europe,Russia,0,0,138,0,0,1053,1521,62824
36UVB_05,Europe,Eastern Europe,Ukraine,0,0,138,0,0,1053,1521,62824
36UVB_06,Europe,Eastern Europe,Russia,0,1410,139,0,1,13256,38317,12413
36UVB_06,Europe,Eastern Europe,Ukraine,0,1410,139,0,1,13256,38317,12413
36UVB_07,Europe,Eastern Europe,Belarus,0,0,760,0,0,17021,14490,33265
36UVB_07,Europe,Eastern Europe,Russia,0,0,760,0,0,17021,14490,33265
36UVB_07,Europe,Eastern Europe,Ukraine,0,0,760,0,0,17021,14490,33265
36UVB_08,Europe,Eastern Europe,Russia,0,414,80,0,0,25256,27447,12339
36UVB_08,Europe,Eastern Europe,Ukraine,0,414,80,0,0,25256,27447,12339
36UVB_09,Europe,Eastern Europe,Russia,0,64,69,0,0,991,57022,7390
36UVB_09,Europe,Eastern Europe,Ukraine,0,64,69,0,0,991,57022,7390
36UVB_10,Europe,Eastern Europe,Russia,0,0,0,0,0,134,65388,14
36UVB_10,Europe,Eastern Europe,Ukraine,0,0,0,0,0,134,65388,14
36UVB_11,Europe,Eastern Europe,Russia,0,605,52,0,6,1616,795,62462
36UVB_11,Europe,Eastern Europe,Ukraine,0,605,52,0,6,1616,795,62462
36UVB_12,Europe,Eastern Europe,Russia,0,46,0,0,0,505,64202,783
36UVB_12,Europe,Eastern Europe,Ukraine,0,46,0,0,0,505,64202,783
36UVB_13,Europe,Eastern Europe,Russia,0,0,4,0,0,20501,35719,9312
36UVB_13,Europe,Eastern Europe,Ukraine,0,0,4,0,0,20501,35719,9312
36UVB_14,Europe,Eastern Europe,Belarus,0,0,13,0,0,8876,23824,32823
36UVB_14,Europe,Eastern Europe,Russia,0,0,13,0,0,8876,23824,32823
36UVB_14,Europe,Eastern Europe,Ukraine,0,0,13,0,0,8876,23824,32823
36UVB_15,Europe,Eastern Europe,Russia,0,470,59,0,0,2543,59721,2743
36UVB_15,Europe,Eastern Europe,Ukraine,0,470,59,0,0,2543,59721,2743
36UVB_16,Europe,Eastern Europe,Russia,0,0,0,0,0,3301,54199,8036
36UVB_16,Europe,Eastern Europe,Ukraine,0,0,0,0,0,3301,54199,8036
36UVB_17,Europe,Eastern Europe,Russia,0,0,130,0,0,623,64311,472
36UVB_17,Europe,Eastern Europe,Ukraine,0,0,130,0,0,623,64311,472
36UVB_18,Europe,Eastern Europe,Russia,0,0,78,0,0,318,64895,245
36UVB_18,Europe,Eastern Europe,Ukraine,0,0,78,0,0,318,64895,245
36UVB_19,Europe,Eastern Europe,Belarus,0,0,0,0,0,4768,57841,2927
36UVB_19,Europe,Eastern Europe,Russia,0,0,0,0,0,4768,57841,2927
36UVB_19,Europe,Eastern Europe,Ukraine,0,0,0,0,0,4768,57841,2927
36UVB_20,Europe,Eastern Europe,Russia,0,0,89,4,0,9086,55182,1175
36UVB_20,Europe,Eastern Europe,Ukraine,0,0,89,4,0,9086,55182,1175
36UVB_21,Europe,Eastern Europe,Russia,0,0,0,0,0,142,60212,5182
36UVB_21,Europe,Eastern Europe,Ukraine,0,0,0,0,0,142,60212,5182
36UVB_22,Europe,Eastern Europe,Russia,0,0,0,0,0,22,65498,16
36UVB_22,Europe,Eastern Europe,Ukraine,0,0,0,0,0,22,65498,16
36UVB_23,Europe,Eastern Europe,Russia,0,0,560,0,0,6458,45781,12737
36UVB_23,Europe,Eastern Europe,Ukraine,0,0,560,0,0,6458,45781,12737
36UVB_24,Europe,Eastern Europe,Russia,0,0,747,0,0,1026,53963,9800
36UVB_24,Europe,Eastern Europe,Ukraine,0,0,747,0,0,1026,53963,9800
36UVB_25,Europe,Eastern Europe,Belarus,0,67,338,0,0,1575,31821,31735
36UVB_25,Europe,Eastern Europe,Russia,0,67,338,0,0,1575,31821,31735
36UVB_25,Europe,Eastern Europe,Ukraine,0,67,338,0,0,1575,31821,31735
36UVB_26,Europe,Eastern Europe,Russia,0,0,682,0,0,7129,21165,36560
36UVB_26,Europe,Eastern Europe,Ukraine,0,0,682,0,0,7129,21165,36560
36UVB_27,Europe,Eastern Europe,Russia,0,0,0,0,0,252,65046,238
36UVB_27,Europe,Eastern Europe,Ukraine,0,0,0,0,0,252,65046,238
36UVB_28,Europe,Eastern Europe,Russia,0,26,7778,0,0,16020,19897,21815
36UVB_28,Europe,Eastern Europe,Ukraine,0,26,7778,0,0,16020,19897,21815
36UVB_29,Europe,Eastern Europe,Russia,0,0,176,0,0,874,61282,3204
36UVB_29,Europe,Eastern Europe,Ukraine,0,0,176,0,0,874,61282,3204
36UVE_00,Europe,Eastern Europe,Belarus,0,10213,216,0,17,10409,35812,8869
36UVE_00,Europe,Eastern Europe,Russia,0,10213,216,0,17,10409,35812,8869
36UVE_01,Europe,Eastern Europe,Belarus,0,2586,38922,0,80,47,18446,5455
36UVE_01,Europe,Eastern Europe,Russia,0,2586,38922,0,80,47,18446,5455
36UVE_02,Europe,Eastern Europe,Russia,0,114,0,0,0,2417,59991,3014
36UVE_03,Europe,Eastern Europe,Russia,0,0,0,0,0,65454,0,82
36UVE_04,Europe,Eastern Europe,Belarus,0,0,19,0,0,1,65316,200
36UVE_04,Europe,Eastern Europe,Russia,0,0,19,0,0,1,65316,200
36UVE_05,Europe,Eastern Europe,Belarus,0,1133,0,0,2,125,943,63333
36UVE_05,Europe,Eastern Europe,Russia,0,1133,0,0,2,125,943,63333
36UVE_06,Europe,Eastern Europe,Russia,0,5,8,0,0,52794,1392,11337
36UVE_07,Europe,Eastern Europe,Belarus,0,0,3,0,0,30154,14821,20558
36UVE_07,Europe,Eastern Europe,Russia,0,0,3,0,0,30154,14821,20558
36UVE_08,Europe,Eastern Europe,Russia,0,0,0,0,0,52991,4666,7879
36UVE_09,Europe,Eastern Europe,Russia,0,0,0,0,0,50923,351,14262
36UVE_10,Europe,Eastern Europe,Belarus,0,0,998,0,5,8466,46106,9961
36UVE_10,Europe,Eastern Europe,Russia,0,0,998,0,5,8466,46106,9961
36UVE_11,Europe,Eastern Europe,Russia,0,0,552,0,0,34873,19227,10884
36UVE_12,Europe,Eastern Europe,Belarus,0,121,65,0,25,47456,11005,6864
36UVE_12,Europe,Eastern Europe,Russia,0,121,65,0,25,47456,11005,6864
36UVE_13,Europe,Eastern Europe,Belarus,0,127,81,0,10,2463,51627,11228
36UVE_13,Europe,Eastern Europe,Russia,0,127,81,0,10,2463,51627,11228
36UVE_14,Europe,Eastern Europe,Belarus,0,0,0,0,1025,13135,41120,10256
36UVE_14,Europe,Eastern Europe,Russia,0,0,0,0,1025,13135,41120,10256
36UVE_15,Europe,Eastern Europe,Belarus,0,8,0,0,0,43628,4630,17270
36UVE_15,Europe,Eastern Europe,Russia,0,8,0,0,0,43628,4630,17270
36UVE_16,Europe,Eastern Europe,Russia,0,0,449,0,472,14039,30231,20345
36UVE_17,Europe,Eastern Europe,Russia,0,58,3523,0,0,8899,32103,20953
36UVE_18,Europe,Eastern Europe,Belarus,0,933,485,5,0,7439,32075,24599
36UVE_18,Europe,Eastern Europe,Russia,0,933,485,5,0,7439,32075,24599
36UVE_19,Europe,Eastern Europe,Belarus,0,0,0,0,2962,55385,2648,4541
36UVE_19,Europe,Eastern Europe,Russia,0,0,0,0,2962,55385,2648,4541
36UVE_20,Europe,Eastern Europe,Belarus,0,281,2471,0,0,28013,28566,6205
36UVE_20,Europe,Eastern Europe,Russia,0,281,2471,0,0,28013,28566,6205
36UVE_21,Europe,Eastern Europe,Belarus,0,0,651,0,0,33775,8393,22717
36UVE_21,Europe,Eastern Europe,Russia,0,0,651,0,0,33775,8393,22717
36UVE_22,Europe,Eastern Europe,Belarus,0,0,186,0,0,8634,45421,11295
36UVE_22,Europe,Eastern Europe,Russia,0,0,186,0,0,8634,45421,11295
36UVE_23,Europe,Eastern Europe,Russia,0,0,103,0,0,41094,6307,18032
36UVE_24,Europe,Eastern Europe,Belarus,0,66,1978,0,14,14815,42256,6407
36UVE_24,Europe,Eastern Europe,Russia,0,66,1978,0,14,14815,42256,6407
36UVE_25,Europe,Eastern Europe,Belarus,0,927,63,0,0,33796,4859,25891
36UVE_25,Europe,Eastern Europe,Russia,0,927,63,0,0,33796,4859,25891
36UVE_26,Europe,Eastern Europe,Russia,0,203,140,0,1,47498,5530,12164
36UVE_27,Europe,Eastern Europe,Belarus,0,0,8,0,0,32391,20796,12341
36UVE_27,Europe,Eastern Europe,Russia,0,0,8,0,0,32391,20796,12341
36UVE_28,Europe,Eastern Europe,Belarus,0,0,2299,0,2,6085,55247,1903
36UVE_28,Europe,Eastern Europe,Russia,0,0,2299,0,2,6085,55247,1903
36UVE_29,Europe,Eastern Europe,Belarus,0,66,85,0,0,43271,10501,11613
36UVE_29,Europe,Eastern Europe,Russia,0,66,85,0,0,43271,10501,11613
36UXE_00,Europe,Eastern Europe,Russia,0,38378,1687,0,79,5281,14411,5700
36UXE_01,Europe,Eastern Europe,Russia,0,0,147,0,0,9266,54171,1952
36UXE_02,Europe,Eastern Europe,Russia,0,0,48,0,42,193,63496,1757
36UXE_03,Europe,Eastern Europe,Russia,0,0,0,0,0,65057,12,467
36UXE_04,Europe,Eastern Europe,Russia,0,0,0,0,0,0,65469,67
36UXE_05,Europe,Eastern Europe,Russia,0,0,8,0,0,2908,1422,61198
36UXE_06,Europe,Eastern Europe,Russia,0,0,0,0,6,207,64606,717
36UXE_07,Europe,Eastern Europe,Russia,0,0,2,0,0,2084,62766,684
36UXE_08,Europe,Eastern Europe,Russia,0,0,154,0,0,3470,59299,2613
36UXE_09,Europe,Eastern Europe,Russia,0,1097,709,0,51,2217,54383,7079
36UXE_10,Europe,Eastern Europe,Russia,0,0,67,0,0,50714,1886,12869
36UXE_11,Europe,Eastern Europe,Russia,0,66,144,0,400,7682,24212,33032
36UXE_12,Europe,Eastern Europe,Russia,0,1,153,0,5067,43614,2008,14693
36UXE_13,Europe,Eastern Europe,Russia,0,0,0,0,0,54527,833,10176
36UXE_14,Europe,Eastern Europe,Russia,0,51,332,0,3,24288,25722,15140
36UXE_15,Europe,Eastern Europe,Russia,0,0,11,0,1,854,50292,14378
36UXE_16,Europe,Eastern Europe,Russia,0,0,3,0,0,2541,48526,14466
36UXE_17,Europe,Eastern Europe,Russia,0,0,0,0,11596,46401,302,7237
36UXE_18,Europe,Eastern Europe,Russia,0,0,249,0,0,28589,22358,14340
36UXE_19,Europe,Eastern Europe,Russia,0,0,812,0,47,2981,51914,9782
36UXE_20,Europe,Eastern Europe,Russia,0,460,5123,0,20,37004,14127,8802
36UXE_21,Europe,Eastern Europe,Russia,0,4,2,0,0,35833,5850,23847
36UXE_22,Europe,Eastern Europe,Russia,0,0,0,0,9,59571,202,5754
36UXE_23,Europe,Eastern Europe,Russia,0,0,0,0,0,23262,2,42272
36UXE_24,Europe,Eastern Europe,Russia,0,0,28,0,0,10967,35597,18944
36UXE_25,Europe,Eastern Europe,Russia,0,0,259,0,0,31111,16816,17350
36UXE_26,Europe,Eastern Europe,Russia,0,36,18,0,0,39346,15754,10382
36UXE_27,Europe,Eastern Europe,Russia,0,0,506,0,1,15712,22933,26384
36UXE_28,Europe,Eastern Europe,Russia,0,0,4,0,0,61493,161,3878
36UXE_29,Europe,Eastern Europe,Russia,0,941,26,0,7,38933,2526,23103
36VXL_00,Europe,Eastern Europe,Russia,0,59422,0,0,63,4660,1,1390
36VXL_01,Europe,Eastern Europe,Russia,0,0,61968,0,20,2164,735,649
36VXL_02,Europe,Eastern Europe,Russia,0,2245,18,0,2554,19240,39081,2398
36VXL_03,Europe,Eastern Europe,Russia,0,0,0,0,2,65313,83,138
36VXL_04,Europe,Eastern Europe,Russia,0,0,133,0,0,342,64983,78
36VXL_05,Europe,Eastern Europe,Russia,0,0,0,0,0,0,0,65536
36VXL_06,Europe,Eastern Europe,Russia,0,0,4,0,0,45728,1,19803
36VXL_07,Europe,Eastern Europe,Russia,0,0,0,0,0,40798,1712,23026
36VXL_08,Europe,Eastern Europe,Russia,0,0,50,0,0,25149,0,40337
36VXL_09,Europe,Eastern Europe,Russia,0,0,0,0,0,14075,0,51461
36VXL_10,Europe,Eastern Europe,Russia,0,885,1500,0,0,58541,868,3742
36VXL_11,Europe,Eastern Europe,Russia,0,0,0,0,0,35018,0,30518
36VXL_12,Europe,Eastern Europe,Russia,0,247,0,0,174,6312,91,58712
36VXL_13,Europe,Eastern Europe,Russia,0,194,246,0,30,36493,21514,7059
36VXL_14,Europe,Eastern Europe,Russia,0,0,1515,0,215,29076,15217,19513
36VXL_15,Europe,Eastern Europe,Russia,0,0,0,0,0,34592,18776,12168
36VXL_16,Europe,Eastern Europe,Russia,0,13156,170,0,1524,29439,8325,12922
36VXL_17,Europe,Eastern Europe,Russia,0,0,52,0,0,472,61867,3145
36VXL_18,Europe,Eastern Europe,Russia,0,0,0,0,0,40403,24047,1086
36VXL_19,Europe,Eastern Europe,Russia,0,0,0,0,0,37826,27710,0
36VXL_20,Europe,Eastern Europe,Russia,0,556,0,0,0,52081,518,12381
36VXL_21,Europe,Eastern Europe,Russia,0,0,0,0,0,24419,1367,39750
36VXL_22,Europe,Eastern Europe,Russia,0,238,0,0,0,16,95,65187
36VXL_23,Europe,Eastern Europe,Russia,0,1406,62,0,102,60581,1029,2356
36VXL_24,Europe,Eastern Europe,Russia,0,0,292,0,7,54987,8470,1780
36VXL_25,Europe,Eastern Europe,Russia,0,0,0,0,16,0,0,65520
36VXL_26,Europe,Eastern Europe,Russia,0,0,0,0,0,39833,344,25359
36VXL_27,Europe,Eastern Europe,Russia,0,368,18,0,27,29650,2240,33233
36VXL_28,Europe,Eastern Europe,Russia,0,0,42,0,5,39107,5050,21332
36VXL_29,Europe,Eastern Europe,Russia,0,0,69,0,3,58677,4490,2297
37TDK_00,Europe,Eastern Europe,Russia,0,65536,0,0,0,0,0,0
37TDK_00,Europe,Eastern Europe,Ukraine,0,65536,0,0,0,0,0,0
37TDK_01,Europe,Eastern Europe,Russia,1,1081,63119,0,2,221,169,943
37TDK_01,Europe,Eastern Europe,Ukraine,1,1081,63119,0,2,221,169,943
37TDK_02,Europe,Eastern Europe,Russia,0,0,5402,0,0,9043,44235,6856
37TDK_02,Europe,Eastern Europe,Ukraine,0,0,5402,0,0,9043,44235,6856
37TDK_03,Europe,Eastern Europe,Russia,0,0,909,0,21,0,62457,2149
37TDK_03,Europe,Eastern Europe,Ukraine,0,0,909,0,21,0,62457,2149
37TDK_04,Europe,Eastern Europe,Russia,0,0,0,0,0,65536,0,0
37TDK_04,Europe,Eastern Europe,Ukraine,0,0,0,0,0,65536,0,0
37TDK_05,Europe,Eastern Europe,Russia,0,0,0,0,0,0,65440,96
37TDK_05,Europe,Eastern Europe,Ukraine,0,0,0,0,0,0,65440,96
37TDK_06,Europe,Eastern Europe,Russia,7,483,928,0,0,856,5578,57684
37TDK_06,Europe,Eastern Europe,Ukraine,7,483,928,0,0,856,5578,57684
37TDK_07,Europe,Eastern Europe,Russia,0,0,0,0,0,0,65536,0
37TDK_07,Europe,Eastern Europe,Ukraine,0,0,0,0,0,0,65536,0
37TDK_08,Europe,Eastern Europe,Russia,0,0,995,0,0,63457,5,1079
37TDK_08,Europe,Eastern Europe,Ukraine,0,0,995,0,0,63457,5,1079
37TDK_09,Europe,Eastern Europe,Russia,0,0,179,0,0,64571,0,786
37TDK_09,Europe,Eastern Europe,Ukraine,0,0,179,0,0,64571,0,786
37TDK_10,Europe,Eastern Europe,Russia,4,0,4,0,0,62107,55,3366
37TDK_10,Europe,Eastern Europe,Ukraine,4,0,4,0,0,62107,55,3366
37TDK_11,Europe,Eastern Europe,Russia,24,1943,36985,25,0,591,4281,21687
37TDK_11,Europe,Eastern Europe,Ukraine,24,1943,36985,25,0,591,4281,21687
37TDK_12,Europe,Eastern Europe,Russia,2,0,7092,0,0,873,41704,15865
37TDK_12,Europe,Eastern Europe,Ukraine,2,0,7092,0,0,873,41704,15865
37TDK_13,Europe,Eastern Europe,Russia,2,0,2714,0,0,52225,724,9871
37TDK_13,Europe,Eastern Europe,Ukraine,2,0,2714,0,0,52225,724,9871
37TDK_14,Europe,Eastern Europe,Russia,1,388,1231,588,0,46904,10,16414
37TDK_14,Europe,Eastern Europe,Ukraine,1,388,1231,588,0,46904,10,16414
37TDK_15,Europe,Eastern Europe,Russia,22,5115,0,0,0,48199,0,12200
37TDK_16,Europe,Eastern Europe,Russia,19,0,993,0,0,0,64007,517
37TDK_16,Europe,Eastern Europe,Ukraine,19,0,993,0,0,0,64007,517
37TDK_17,Europe,Eastern Europe,Russia,0,0,0,0,0,61671,3,3862
37TDK_17,Europe,Eastern Europe,Ukraine,0,0,0,0,0,61671,3,3862
37TDK_18,Europe,Eastern Europe,Russia,19,0,107,0,0,61303,27,4080
37TDK_19,Europe,Eastern Europe,Russia,3,0,0,0,0,64894,6,633
37TDK_19,Europe,Eastern Europe,Ukraine,3,0,0,0,0,64894,6,633
37TDK_20,Europe,Eastern Europe,Russia,0,0,16,0,0,49086,14074,2360
37TDK_20,Europe,Eastern Europe,Ukraine,0,0,16,0,0,49086,14074,2360
37TDK_21,Europe,Eastern Europe,Russia,0,0,41,0,0,0,60300,5195
37TDK_21,Europe,Eastern Europe,Ukraine,0,0,41,0,0,0,60300,5195
37TDK_22,Europe,Eastern Europe,Russia,4,21011,8947,0,0,526,8,35040
37TDK_22,Europe,Eastern Europe,Ukraine,4,21011,8947,0,0,526,8,35040
37TDK_23,Europe,Eastern Europe,Russia,0,0,136,0,0,19340,41178,4882
37TDK_23,Europe,Eastern Europe,Ukraine,0,0,136,0,0,19340,41178,4882
37TDK_24,Europe,Eastern Europe,Russia,0,0,75,0,0,47393,56,18012
37TDK_24,Europe,Eastern Europe,Ukraine,0,0,75,0,0,47393,56,18012
37TDK_25,Europe,Eastern Europe,Russia,0,0,0,0,0,0,65023,513
37TDK_25,Europe,Eastern Europe,Ukraine,0,0,0,0,0,0,65023,513
37TDK_26,Europe,Eastern Europe,Russia,30,0,24809,0,0,310,21120,19267
37TDK_26,Europe,Eastern Europe,Ukraine,30,0,24809,0,0,310,21120,19267
37TDK_27,Europe,Eastern Europe,Russia,1,1822,2181,0,0,482,38999,22051
37TDK_27,Europe,Eastern Europe,Ukraine,1,1822,2181,0,0,482,38999,22051
37TDK_28,Europe,Eastern Europe,Russia,0,0,0,0,0,65536,0,0
37TDK_28,Europe,Eastern Europe,Ukraine,0,0,0,0,0,65536,0,0
37TDK_29,Europe,Eastern Europe,Russia,0,1284,6661,0,0,3875,44556,9160
37TDK_29,Europe,Eastern Europe,Ukraine,0,1284,6661,0,0,3875,44556,9160
37UEP_00,Europe,Eastern Europe,Russia,0,25296,4829,0,25,16637,74,18675
37UEP_00,Europe,Eastern Europe,Ukraine,0,25296,4829,0,25,16637,74,18675
37UEP_01,Europe,Eastern Europe,Russia,0,0,111,52664,0,5932,0,6829
37UEP_01,Europe,Eastern Europe,Ukraine,0,0,111,52664,0,5932,0,6829
37UEP_02,Europe,Eastern Europe,Russia,0,0,60419,0,483,2824,0,1810
37UEP_02,Europe,Eastern Europe,Ukraine,0,0,60419,0,483,2824,0,1810
37UEP_03,Europe,Eastern Europe,Russia,0,793,296,0,0,59741,879,3827
37UEP_03,Europe,Eastern Europe,Ukraine,0,793,296,0,0,59741,879,3827
37UEP_04,Europe,Eastern Europe,Russia,0,0,6,0,0,39,65323,168
37UEP_04,Europe,Eastern Europe,Ukraine,0,0,6,0,0,39,65323,168
37UEP_05,Europe,Eastern Europe,Russia,0,0,40,0,0,8,188,65300
37UEP_06,Europe,Eastern Europe,Russia,0,2333,5737,0,38,2364,33957,21107
37UEP_06,Europe,Eastern Europe,Ukraine,0,2333,5737,0,38,2364,33957,21107
37UEP_07,Europe,Eastern Europe,Russia,0,684,1742,0,0,2706,35114,25290
37UEP_07,Europe,Eastern Europe,Ukraine,0,684,1742,0,0,2706,35114,25290
37UEP_08,Europe,Eastern Europe,Russia,0,1738,729,0,0,36302,129,26638
37UEP_08,Europe,Eastern Europe,Ukraine,0,1738,729,0,0,36302,129,26638
37UEP_09,Europe,Eastern Europe,Russia,0,16,1717,0,0,3076,634,60093
37UEP_09,Europe,Eastern Europe,Ukraine,0,16,1717,0,0,3076,634,60093
37UEP_10,Europe,Eastern Europe,Russia,0,1137,523,0,0,1247,45300,17329
37UEP_10,Europe,Eastern Europe,Ukraine,0,1137,523,0,0,1247,45300,17329
37UEP_11,Europe,Eastern Europe,Russia,0,13,2219,0,1,493,57362,5448
37UEP_12,Europe,Eastern Europe,Russia,0,0,2842,0,6,4972,37111,20605
37UEP_13,Europe,Eastern Europe,Russia,0,108,833,0,7,1326,37649,25613
37UEP_13,Europe,Eastern Europe,Ukraine,0,108,833,0,7,1326,37649,25613
37UEP_14,Europe,Eastern Europe,Russia,0,0,16,0,0,866,62416,2238
37UEP_14,Europe,Eastern Europe,Ukraine,0,0,16,0,0,866,62416,2238
37UEP_15,Europe,Eastern Europe,Russia,0,0,0,0,0,5251,52179,8106
37UEP_15,Europe,Eastern Europe,Ukraine,0,0,0,0,0,5251,52179,8106
37UEP_16,Europe,Eastern Europe,Russia,0,1534,19918,0,0,4030,15327,24727
37UEP_16,Europe,Eastern Europe,Ukraine,0,1534,19918,0,0,4030,15327,24727
37UEP_17,Europe,Eastern Europe,Russia,0,0,345,0,0,1,58033,7157
37UEP_17,Europe,Eastern Europe,Ukraine,0,0,345,0,0,1,58033,7157
37UEP_18,Europe,Eastern Europe,Russia,0,0,385,0,0,2334,62524,293
37UEP_18,Europe,Eastern Europe,Ukraine,0,0,385,0,0,2334,62524,293
37UEP_19,Europe,Eastern Europe,Russia,0,0,19462,0,217,241,43814,1802
37UEP_19,Europe,Eastern Europe,Ukraine,0,0,19462,0,217,241,43814,1802
37UEP_20,Europe,Eastern Europe,Russia,0,0,8,0,0,723,60346,4459
37UEP_20,Europe,Eastern Europe,Ukraine,0,0,8,0,0,723,60346,4459
37UEP_21,Europe,Eastern Europe,Russia,0,634,787,0,0,1743,54414,7958
37UEP_21,Europe,Eastern Europe,Ukraine,0,634,787,0,0,1743,54414,7958
37UEP_22,Europe,Eastern Europe,Russia,0,0,20,0,0,8793,20120,36603
37UEP_22,Europe,Eastern Europe,Ukraine,0,0,20,0,0,8793,20120,36603
37UEP_23,Europe,Eastern Europe,Russia,0,0,457,0,0,3155,52682,9242
37UEP_23,Europe,Eastern Europe,Ukraine,0,0,457,0,0,3155,52682,9242
37UEP_24,Europe,Eastern Europe,Russia,0,0,5509,0,55,2103,31799,26070
37UEP_24,Europe,Eastern Europe,Ukraine,0,0,5509,0,55,2103,31799,26070
37UEP_25,Europe,Eastern Europe,Russia,0,0,476,0,0,1945,44544,18571
37UEP_25,Europe,Eastern Europe,Ukraine,0,0,476,0,0,1945,44544,18571
37UEP_26,Europe,Eastern Europe,Russia,0,31,8499,0,14,3054,8300,45638
37UEP_26,Europe,Eastern Europe,Ukraine,0,31,8499,0,14,3054,8300,45638
37UEP_27,Europe,Eastern Europe,Russia,0,503,17265,0,467,2192,2103,43006
37UEP_27,Europe,Eastern Europe,Ukraine,0,503,17265,0,467,2192,2103,43006
37UEP_28,Europe,Eastern Europe,Russia,0,0,3582,0,1089,27147,24861,8857
37UEP_28,Europe,Eastern Europe,Ukraine,0,0,3582,0,1089,27147,24861,8857
37UEP_29,Europe,Eastern Europe,Russia,0,0,1502,0,0,2470,40546,21018
37UEP_29,Europe,Eastern Europe,Ukraine,0,0,1502,0,0,2470,40546,21018
37UET_00,Europe,Eastern Europe,Russia,0,57226,46,0,147,7834,0,283
37UET_00,Europe,Eastern Europe,Ukraine,0,57226,46,0,147,7834,0,283
37UET_01,Europe,Eastern Europe,Russia,0,26,62773,0,50,2302,68,317
37UET_01,Europe,Eastern Europe,Ukraine,0,26,62773,0,50,2302,68,317
37UET_02,Europe,Eastern Europe,Russia,0,2098,62689,0,260,447,28,14
37UET_02,Europe,Eastern Europe,Ukraine,0,2098,62689,0,260,447,28,14
37UET_03,Europe,Eastern Europe,Russia,0,0,0,0,0,65534,0,2
37UET_03,Europe,Eastern Europe,Ukraine,0,0,0,0,0,65534,0,2
37UET_04,Europe,Eastern Europe,Russia,0,0,0,0,0,0,65531,5
37UET_04,Europe,Eastern Europe,Ukraine,0,0,0,0,0,0,65531,5
37UET_05,Europe,Eastern Europe,Russia,0,398,80,0,23,826,232,63977
37UET_06,Europe,Eastern Europe,Russia,0,566,56,0,115,18517,131,46151
37UET_07,Europe,Eastern Europe,Russia,0,0,700,0,0,75,56982,7779
37UET_07,Europe,Eastern Europe,Ukraine,0,0,700,0,0,75,56982,7779
37UET_08,Europe,Eastern Europe,Russia,0,0,41,0,0,1,45856,19638
37UET_09,Europe,Eastern Europe,Russia,0,0,718,730,0,6709,31547,25832
37UET_10,Europe,Eastern Europe,Russia,0,0,3872,0,0,637,52425,8602
37UET_10,Europe,Eastern Europe,Ukraine,0,0,3872,0,0,637,52425,8602
37UET_11,Europe,Eastern Europe,Russia,0,3,51,0,1,249,56399,8833
37UET_12,Europe,Eastern Europe,Russia,0,0,11,0,0,24,65343,158
37UET_12,Europe,Eastern Europe,Ukraine,0,0,11,0,0,24,65343,158
37UET_13,Europe,Eastern Europe,Russia,0,1336,640,0,1,1203,44803,17553
37UET_13,Europe,Eastern Europe,Ukraine,0,1336,640,0,1,1203,44803,17553
37UET_14,Europe,Eastern Europe,Russia,0,391,750,0,1,3441,56210,4743
37UET_14,Europe,Eastern Europe,Ukraine,0,391,750,0,1,3441,56210,4743
37UET_15,Europe,Eastern Europe,Russia,0,16,0,0,0,472,61060,3988
37UET_15,Europe,Eastern Europe,Ukraine,0,16,0,0,0,472,61060,3988
37UET_16,Europe,Eastern Europe,Russia,0,0,1902,0,0,2111,31397,30126
37UET_17,Europe,Eastern Europe,Russia,0,0,162,0,8,497,42638,22231
37UET_18,Europe,Eastern Europe,Russia,0,0,578,0,0,51596,2794,10568
37UET_18,Europe,Eastern Europe,Ukraine,0,0,578,0,0,51596,2794,10568
37UET_19,Europe,Eastern Europe,Russia,0,0,2,0,0,458,56596,8480
37UET_19,Europe,Eastern Europe,Ukraine,0,0,2,0,0,458,56596,8480
37UET_20,Europe,Eastern Europe,Russia,0,119,0,0,0,203,64713,501
37UET_20,Europe,Eastern Europe,Ukraine,0,119,0,0,0,203,64713,501
37UET_21,Europe,Eastern Europe,Russia,0,0,12,0,0,347,45972,19205
37UET_22,Europe,Eastern Europe,Russia,0,0,2,0,0,2673,39407,23454
37UET_22,Europe,Eastern Europe,Ukraine,0,0,2,0,0,2673,39407,23454
37UET_23,Europe,Eastern Europe,Russia,0,391,6421,0,7,18,22837,35862
37UET_24,Europe,Eastern Europe,Russia,0,311,3327,0,5,56273,803,4817
37UET_24,Europe,Eastern Europe,Ukraine,0,311,3327,0,5,56273,803,4817
37UET_25,Europe,Eastern Europe,Russia,0,0,1967,0,0,7832,49438,6299
37UET_25,Europe,Eastern Europe,Ukraine,0,0,1967,0,0,7832,49438,6299
37UET_26,Europe,Eastern Europe,Russia,1,683,20467,0,19,345,10583,33438
37UET_27,Europe,Eastern Europe,Russia,0,0,0,0,0,3,52084,13449
37UET_27,Europe,Eastern Europe,Ukraine,0,0,0,0,0,3,52084,13449
37UET_28,Europe,Eastern Europe,Russia,0,684,4,0,3,280,62915,1650
37UET_28,Europe,Eastern Europe,Ukraine,0,684,4,0,3,280,62915,1650
37UET_29,Europe,Eastern Europe,Russia,0,0,43,0,2,649,56360,8482
37UET_29,Europe,Eastern Europe,Ukraine,0,0,43,0,2,649,56360,8482
38UNC_00,Europe,Eastern Europe,Russia,0,65211,0,313,12,0,0,0
38UNC_01,Europe,Eastern Europe,Russia,0,0,65260,0,0,77,11,188
38UNC_02,Europe,Eastern Europe,Russia,0,10564,182,0,2,13538,179,41071
38UNC_03,Europe,Eastern Europe,Russia,0,0,0,0,0,1069,0,64467
38UNC_04,Europe,Eastern Europe,Russia,0,0,0,0,0,0,65536,0
38UNC_05,Europe,Eastern Europe,Russia,0,180,2205,0,4,133,68,62946
38UNC_06,Europe,Eastern Europe,Russia,0,0,0,0,0,46,64963,527
38UNC_07,Europe,Eastern Europe,Russia,0,65,31037,0,1,25184,0,9249
38UNC_08,Europe,Eastern Europe,Russia,0,0,111,0,0,3,60994,4428
38UNC_09,Europe,Eastern Europe,Russia,0,2792,303,0,1,907,48452,13081
38UNC_10,Europe,Eastern Europe,Russia,0,0,380,0,0,8493,51103,5560
38UNC_11,Europe,Eastern Europe,Russia,0,284,0,0,0,3,0,65249
38UNC_12,Europe,Eastern Europe,Russia,0,19,427,0,0,7100,52587,5403
38UNC_13,Europe,Eastern Europe,Russia,0,0,1361,0,0,50,0,64125
38UNC_14,Europe,Eastern Europe,Russia,0,0,0,0,0,5171,54251,6114
38UNC_15,Europe,Eastern Europe,Russia,0,0,0,0,0,734,59372,5430
38UNC_16,Europe,Eastern Europe,Russia,0,0,406,0,0,0,53954,11176
38UNC_17,Europe,Eastern Europe,Russia,0,258,341,0,0,0,48032,16905
38UNC_18,Europe,Eastern Europe,Russia,0,0,431,0,0,28719,29012,7374
38UNC_19,Europe,Eastern Europe,Russia,0,62,2234,0,26,26024,29259,7931
38UNC_20,Europe,Eastern Europe,Russia,0,0,0,0,35,1746,55979,7776
38UNC_21,Europe,Eastern Europe,Russia,0,2570,103,0,664,7196,34133,20870
38UNC_22,Europe,Eastern Europe,Russia,0,0,10,0,0,13,61696,3817
38UNC_23,Europe,Eastern Europe,Russia,0,284,15752,0,0,1464,21700,26336
38UNC_24,Europe,Eastern Europe,Russia,0,1057,427,0,579,9171,40811,13491
38UNC_25,Europe,Eastern Europe,Russia,0,0,30,0,0,18656,25572,21278
38UNC_26,Europe,Eastern Europe,Russia,0,192,1910,0,975,1020,43857,17582
38UNC_27,Europe,Eastern Europe,Russia,0,33363,25,0,6992,8133,212,16811
38UNC_28,Europe,Eastern Europe,Russia,0,245,291,0,59,30336,23748,10857
38UNC_29,Europe,Eastern Europe,Russia,0,25,368,0,181,5238,47049,12675
38UNV_00,Europe,Eastern Europe,Russia,0,65536,0,0,0,0,0,0
38UNV_01,Europe,Eastern Europe,Russia,0,0,4076,1024,0,0,0,60436
38UNV_02,Europe,Eastern Europe,Russia,9,0,0,15975,0,417,0,49135
38UNV_03,Europe,Eastern Europe,Russia,0,16929,1941,1453,139,347,23512,21215
38UNV_04,Europe,Eastern Europe,Russia,0,817,8,2916,0,61633,134,28
38UNV_05,Europe,Eastern Europe,Russia,0,0,95,0,0,0,65137,304
38UNV_06,Europe,Eastern Europe,Russia,0,0,0,0,0,0,2,65534
38UNV_07,Europe,Eastern Europe,Russia,0,0,15253,0,0,97,3219,46967
38UNV_08,Europe,Eastern Europe,Russia,0,0,467,0,0,0,10633,54436
38UNV_09,Europe,Eastern Europe,Russia,0,0,4,10841,0,0,6,54685
38UNV_10,Europe,Eastern Europe,Russia,0,0,5246,30,0,357,47357,12546
38UNV_11,Europe,Eastern Europe,Russia,0,0,317,0,0,0,772,64447
38UNV_12,Europe,Eastern Europe,Russia,13,0,24234,991,0,0,7652,32646
38UNV_13,Europe,Eastern Europe,Russia,0,0,21501,0,0,0,28941,15094
38UNV_14,Europe,Eastern Europe,Russia,1,50446,32,0,0,0,1,15056
38UNV_15,Europe,Eastern Europe,Russia,0,0,18,0,0,0,63050,2468
38UNV_16,Europe,Eastern Europe,Russia,0,0,2,0,0,0,64879,655
38UNV_17,Europe,Eastern Europe,Russia,0,0,0,0,0,0,0,65536
38UNV_18,Europe,Eastern Europe,Russia,0,0,1,0,0,0,65535,0
38UNV_19,Europe,Eastern Europe,Russia,0,0,0,0,0,0,64306,1230
38UNV_20,Europe,Eastern Europe,Russia,0,126,156,0,0,0,64304,950
38UNV_21,Europe,Eastern Europe,Russia,0,0,10871,0,0,725,33078,20862
38UNV_22,Europe,Eastern Europe,Russia,0,0,48,0,0,0,23701,41787
38UNV_23,Europe,Eastern Europe,Russia,0,0,288,0,0,236,32769,32243
38UNV_24,Europe,Eastern Europe,Russia,0,0,133,0,0,0,0,65403
38UNV_25,Europe,Eastern Europe,Russia,0,0,623,0,0,0,64852,61
38UNV_26,Europe,Eastern Europe,Russia,5,8288,1261,0,0,22131,1962,31889
38UNV_27,Europe,Eastern Europe,Russia,0,0,1,0,0,0,0,65535
38UNV_28,Europe,Eastern Europe,Russia,0,0,0,0,0,4,63241,2291
38UNV_29,Europe,Eastern Europe,Russia,0,0,2,0,0,39,3979,61516
38UPE_00,Asia,Central Asia,Kazakhstan,0,21168,4553,0,939,1506,26743,10627
38UPE_00,Europe,Eastern Europe,Russia,0,21168,4553,0,939,1506,26743,10627
38UPE_01,Asia,Central Asia,Kazakhstan,0,0,39247,0,227,2468,16688,6906
38UPE_01,Europe,Eastern Europe,Russia,0,0,39247,0,227,2468,16688,6906
38UPE_02,Asia,Central Asia,Kazakhstan,0,1304,1683,0,4377,3435,32686,22051
38UPE_02,Europe,Eastern Europe,Russia,0,1304,1683,0,4377,3435,32686,22051
38UPE_03,Asia,Central Asia,Kazakhstan,0,0,0,0,0,64326,0,1210
38UPE_03,Europe,Eastern Europe,Russia,0,0,0,0,0,64326,0,1210
38UPE_04,Asia,Central Asia,Kazakhstan,0,0,1,0,0,0,65535,0
38UPE_04,Europe,Eastern Europe,Russia,0,0,1,0,0,0,65535,0
38UPE_05,Asia,Central Asia,Kazakhstan,0,0,1226,0,68,8790,759,54693
38UPE_05,Europe,Eastern Europe,Russia,0,0,1226,0,68,8790,759,54693
38UPE_06,Asia,Central Asia,Kazakhstan,0,107,1061,0,480,20698,13695,29495
38UPE_06,Europe,Eastern Europe,Russia,0,107,1061,0,480,20698,13695,29495
38UPE_07,Asia,Central Asia,Kazakhstan,0,0,0,0,0,289,30146,35101
38UPE_07,Europe,Eastern Europe,Russia,0,0,0,0,0,289,30146,35101
38UPE_08,Asia,Central Asia,Kazakhstan,0,0,483,0,0,29641,23924,11488
38UPE_08,Europe,Eastern Europe,Russia,0,0,483,0,0,29641,23924,11488
38UPE_09,Asia,Central Asia,Kazakhstan,0,0,0,0,0,44209,12598,8729
38UPE_09,Europe,Eastern Europe,Russia,0,0,0,0,0,44209,12598,8729
38UPE_10,Asia,Central Asia,Kazakhstan,0,0,288,0,0,276,45868,19104
38UPE_10,Europe,Eastern Europe,Russia,0,0,288,0,0,276,45868,19104
38UPE_11,Asia,Central Asia,Kazakhstan,0,0,869,0,0,30203,23373,11091
38UPE_11,Europe,Eastern Europe,Russia,0,0,869,0,0,30203,23373,11091
38UPE_12,Asia,Central Asia,Kazakhstan,0,0,83,0,0,3274,58803,3376
38UPE_12,Europe,Eastern Europe,Russia,0,0,83,0,0,3274,58803,3376
38UPE_13,Asia,Central Asia,Kazakhstan,0,778,2535,0,153,3098,40325,18647
38UPE_13,Europe,Eastern Europe,Russia,0,778,2535,0,153,3098,40325,18647
38UPE_14,Asia,Central Asia,Kazakhstan,0,0,0,0,79,48774,344,16339
38UPE_14,Europe,Eastern Europe,Russia,0,0,0,0,79,48774,344,16339
38UPE_15,Asia,Central Asia,Kazakhstan,0,0,620,0,20,21816,13228,29852
38UPE_15,Europe,Eastern Europe,Russia,0,0,620,0,20,21816,13228,29852
38UPE_16,Asia,Central Asia,Kazakhstan,0,0,3624,0,0,92,56624,5196
38UPE_16,Europe,Eastern Europe,Russia,0,0,3624,0,0,92,56624,5196
38UPE_17,Europe,Eastern Europe,Russia,0,0,348,0,3,46842,6927,11416
38UPE_18,Asia,Central Asia,Kazakhstan,0,16,8872,0,128,6638,16218,33664
38UPE_18,Europe,Eastern Europe,Russia,0,16,8872,0,128,6638,16218,33664
38UPE_19,Asia,Central Asia,Kazakhstan,0,202,3781,0,58,23807,9784,27904
38UPE_19,Europe,Eastern Europe,Russia,0,202,3781,0,58,23807,9784,27904
38UPE_20,Asia,Central Asia,Kazakhstan,0,0,147,0,0,323,64262,804
38UPE_20,Europe,Eastern Europe,Russia,0,0,147,0,0,323,64262,804
38UPE_21,Europe,Eastern Europe,Russia,0,0,6,0,0,27250,11863,26417
38UPE_22,Asia,Central Asia,Kazakhstan,0,0,3786,0,1,36731,16240,8778
38UPE_22,Europe,Eastern Europe,Russia,0,0,3786,0,1,36731,16240,8778
38UPE_23,Asia,Central Asia,Kazakhstan,0,0,4329,1118,14,319,24130,35626
38UPE_23,Europe,Eastern Europe,Russia,0,0,4329,1118,14,319,24130,35626
38UPE_24,Asia,Central Asia,Kazakhstan,0,0,0,0,0,32908,24397,8231
38UPE_24,Europe,Eastern Europe,Russia,0,0,0,0,0,32908,24397,8231
38UPE_25,Asia,Central Asia,Kazakhstan,0,0,678,0,0,5879,55044,3935
38UPE_25,Europe,Eastern Europe,Russia,0,0,678,0,0,5879,55044,3935
38UPE_26,Asia,Central Asia,Kazakhstan,0,45,201,0,0,10981,28230,26079
38UPE_26,Europe,Eastern Europe,Russia,0,45,201,0,0,10981,28230,26079
38UPE_27,Asia,Central Asia,Kazakhstan,0,145,0,0,0,33640,20608,11143
38UPE_27,Europe,Eastern Europe,Russia,0,145,0,0,0,33640,20608,11143
38UPE_28,Asia,Central Asia,Kazakhstan,0,0,18,0,0,6,45688,19824
38UPE_28,Europe,Eastern Europe,Russia,0,0,18,0,0,6,45688,19824
38UPE_29,Asia,Central Asia,Kazakhstan,0,0,779,0,0,23530,14531,26696
38UPE_29,Europe,Eastern Europe,Russia,0,0,779,0,0,23530,14531,26696
39UYU_00,Asia,Central Asia,Kazakhstan,2,14827,1733,0,536,8479,7685,32274
39UYU_00,Asia,Central Asia,Russia,2,14827,1733,0,536,8479,7685,32274
39UYU_00,Europe,Eastern Europe,Russia,2,14827,1733,0,536,8479,7685,32274
39UYU_01,Asia,Central Asia,Kazakhstan,9,436,35153,0,0,7446,4039,18453
39UYU_01,Asia,Central Asia,Russia,9,436,35153,0,0,7446,4039,18453
39UYU_01,Europe,Eastern Europe,Russia,9,436,35153,0,0,7446,4039,18453
39UYU_02,Asia,Central Asia,Kazakhstan,0,0,0,11740,0,0,6877,46919
39UYU_02,Asia,Central Asia,Russia,0,0,0,11740,0,0,6877,46919
39UYU_02,Europe,Eastern Europe,Russia,0,0,0,11740,0,0,6877,46919
39UYU_03,Asia,Central Asia,Kazakhstan,245,0,71,0,3718,4970,40415,16117
39UYU_03,Asia,Central Asia,Russia,245,0,71,0,3718,4970,40415,16117
39UYU_03,Europe,Eastern Europe,Russia,245,0,71,0,3718,4970,40415,16117
39UYU_04,Asia,Central Asia,Kazakhstan,0,0,0,0,3,56540,44,8949
39UYU_04,Asia,Central Asia,Russia,0,0,0,0,3,56540,44,8949
39UYU_04,Europe,Eastern Europe,Russia,0,0,0,0,3,56540,44,8949
39UYU_05,Asia,Central Asia,Kazakhstan,2,0,1,0,4,0,65527,2
39UYU_05,Asia,Central Asia,Russia,2,0,1,0,4,0,65527,2
39UYU_05,Europe,Eastern Europe,Russia,2,0,1,0,4,0,65527,2
39UYU_06,Asia,Central Asia,Kazakhstan,12,0,17,0,1,2320,2066,61120
39UYU_06,Asia,Central Asia,Russia,12,0,17,0,1,2320,2066,61120
39UYU_06,Europe,Eastern Europe,Russia,12,0,17,0,1,2320,2066,61120
39UYU_07,Asia,Central Asia,Kazakhstan,1,0,18,0,0,1111,43589,20817
39UYU_07,Asia,Central Asia,Russia,1,0,18,0,0,1111,43589,20817
39UYU_07,Europe,Eastern Europe,Russia,1,0,18,0,0,1111,43589,20817
39UYU_08,Asia,Central Asia,Kazakhstan,0,0,10,0,0,35316,6407,23803
39UYU_08,Asia,Central Asia,Russia,0,0,10,0,0,35316,6407,23803
39UYU_08,Europe,Eastern Europe,Russia,0,0,10,0,0,35316,6407,23803
39UYU_09,Asia,Central Asia,Kazakhstan,1,0,1164,0,238,599,57007,6527
39UYU_09,Asia,Central Asia,Russia,1,0,1164,0,238,599,57007,6527
39UYU_09,Europe,Eastern Europe,Russia,1,0,1164,0,238,599,57007,6527
39UYU_10,Asia,Central Asia,Kazakhstan,0,0,114,0,0,0,64512,910
39UYU_10,Asia,Central Asia,Russia,0,0,114,0,0,0,64512,910
39UYU_10,Europe,Eastern Europe,Russia,0,0,114,0,0,0,64512,910
39UYU_11,Asia,Central Asia,Kazakhstan,1,0,3,0,0,3128,47533,14871
39UYU_11,Asia,Central Asia,Russia,1,0,3,0,0,3128,47533,14871
39UYU_11,Europe,Eastern Europe,Russia,1,0,3,0,0,3128,47533,14871
39UYU_12,Asia,Central Asia,Kazakhstan,0,0,1,0,0,576,63696,1263
39UYU_12,Asia,Central Asia,Russia,0,0,1,0,0,576,63696,1263
39UYU_12,Europe,Eastern Europe,Russia,0,0,1,0,0,576,63696,1263
39UYU_13,Asia,Central Asia,Kazakhstan,0,0,284,0,0,55,64550,647
39UYU_13,Asia,Central Asia,Russia,0,0,284,0,0,55,64550,647
39UYU_13,Europe,Eastern Europe,Russia,0,0,284,0,0,55,64550,647
39UYU_14,Asia,Central Asia,Kazakhstan,16,0,0,0,0,1417,50645,13458
39UYU_14,Asia,Central Asia,Russia,16,0,0,0,0,1417,50645,13458
39UYU_14,Europe,Eastern Europe,Russia,16,0,0,0,0,1417,50645,13458
39UYU_15,Asia,Central Asia,Kazakhstan,0,0,0,0,24,1102,56221,8189
39UYU_15,Asia,Central Asia,Russia,0,0,0,0,24,1102,56221,8189
39UYU_15,Europe,Eastern Europe,Russia,0,0,0,0,24,1102,56221,8189
39UYU_16,Asia,Central Asia,Kazakhstan,2,130,137,0,50,4977,26827,33413
39UYU_16,Asia,Central Asia,Russia,2,130,137,0,50,4977,26827,33413
39UYU_16,Europe,Eastern Europe,Russia,2,130,137,0,50,4977,26827,33413
39UYU_17,Asia,Central Asia,Kazakhstan,1,0,63,0,0,81,61896,3495
39UYU_17,Asia,Central Asia,Russia,1,0,63,0,0,81,61896,3495
39UYU_17,Europe,Eastern Europe,Russia,1,0,63,0,0,81,61896,3495
39UYU_18,Asia,Central Asia,Kazakhstan,0,0,48,0,0,1540,53439,10509
39UYU_18,Asia,Central Asia,Russia,0,0,48,0,0,1540,53439,10509
39UYU_18,Europe,Eastern Europe,Russia,0,0,48,0,0,1540,53439,10509
39UYU_19,Asia,Central Asia,Kazakhstan,0,534,6335,0,44,6634,19561,32428
39UYU_19,Asia,Central Asia,Russia,0,534,6335,0,44,6634,19561,32428
39UYU_19,Europe,Eastern Europe,Russia,0,534,6335,0,44,6634,19561,32428
39UYU_20,Asia,Central Asia,Kazakhstan,4,0,176,0,0,333,60347,4676
39UYU_20,Asia,Central Asia,Russia,4,0,176,0,0,333,60347,4676
39UYU_20,Europe,Eastern Europe,Russia,4,0,176,0,0,333,60347,4676
39UYU_21,Asia,Central Asia,Kazakhstan,0,2541,2293,986,219,8808,8831,41858
39UYU_21,Asia,Central Asia,Russia,0,2541,2293,986,219,8808,8831,41858
39UYU_21,Europe,Eastern Europe,Russia,0,2541,2293,986,219,8808,8831,41858
39UYU_22,Asia,Central Asia,Kazakhstan,0,0,142,0,14,448,39662,25270
39UYU_22,Asia,Central Asia,Russia,0,0,142,0,14,448,39662,25270
39UYU_22,Europe,Eastern Europe,Russia,0,0,142,0,14,448,39662,25270
39UYU_23,Asia,Central Asia,Kazakhstan,0,0,182,0,0,68,55021,10265
39UYU_23,Asia,Central Asia,Russia,0,0,182,0,0,68,55021,10265
39UYU_23,Europe,Eastern Europe,Russia,0,0,182,0,0,68,55021,10265
39UYU_24,Asia,Central Asia,Kazakhstan,16,1,3,0,0,0,46951,18565
39UYU_24,Asia,Central Asia,Russia,16,1,3,0,0,0,46951,18565
39UYU_24,Europe,Eastern Europe,Russia,16,1,3,0,0,0,46951,18565
39UYU_25,Asia,Central Asia,Kazakhstan,0,0,0,0,0,2257,53081,10198
39UYU_25,Asia,Central Asia,Russia,0,0,0,0,0,2257,53081,10198
39UYU_25,Europe,Eastern Europe,Russia,0,0,0,0,0,2257,53081,10198
39UYU_26,Asia,Central Asia,Kazakhstan,8,0,0,0,0,6117,28687,30724
39UYU_26,Asia,Central Asia,Russia,8,0,0,0,0,6117,28687,30724
39UYU_26,Europe,Eastern Europe,Russia,8,0,0,0,0,6117,28687,30724
39UYU_27,Asia,Central Asia,Kazakhstan,0,0,0,0,0,26849,9567,29120
39UYU_27,Asia,Central Asia,Russia,0,0,0,0,0,26849,9567,29120
39UYU_27,Europe,Eastern Europe,Russia,0,0,0,0,0,26849,9567,29120
39UYU_28,Asia,Central Asia,Kazakhstan,1,0,0,0,0,0,55378,10157
39UYU_28,Asia,Central Asia,Russia,1,0,0,0,0,0,55378,10157
39UYU_28,Europe,Eastern Europe,Russia,1,0,0,0,0,0,55378,10157
39UYU_29,Asia,Central Asia,Kazakhstan,0,3838,26,0,0,4432,18847,38393
39UYU_29,Asia,Central Asia,Russia,0,3838,26,0,0,4432,18847,38393
39UYU_29,Europe,Eastern Europe,Russia,0,3838,26,0,0,4432,18847,38393
39VXD_00,Asia,Central Asia,Russia,0,65536,0,0,0,0,0,0
39VXD_00,Europe,Eastern Europe,Russia,0,65536,0,0,0,0,0,0
39VXD_01,Asia,Central Asia,Russia,0,0,65154,0,0,0,0,382
39VXD_01,Europe,Eastern Europe,Russia,0,0,65154,0,0,0,0,382
39VXD_02,Asia,Central Asia,Russia,0,1196,61469,0,6,325,0,2540
39VXD_02,Europe,Eastern Europe,Russia,0,1196,61469,0,6,325,0,2540
39VXD_03,Asia,Central Asia,Russia,0,0,0,0,0,65536,0,0
39VXD_03,Europe,Eastern Europe,Russia,0,0,0,0,0,65536,0,0
39VXD_04,Asia,Central Asia,Russia,0,0,0,0,0,0,65201,335
39VXD_04,Europe,Eastern Europe,Russia,0,0,0,0,0,0,65201,335
39VXD_05,Asia,Central Asia,Russia,0,0,0,0,0,63268,125,2143
39VXD_05,Europe,Eastern Europe,Russia,0,0,0,0,0,63268,125,2143
39VXD_06,Asia,Central Asia,Russia,0,0,68,0,76,5510,32773,27109
39VXD_06,Europe,Eastern Europe,Russia,0,0,68,0,76,5510,32773,27109
39VXD_07,Asia,Central Asia,Russia,0,24,0,0,31,57915,1204,6362
39VXD_07,Europe,Eastern Europe,Russia,0,24,0,0,31,57915,1204,6362
39VXD_08,Asia,Central Asia,Russia,0,57417,94,0,255,4838,185,2747
39VXD_08,Europe,Eastern Europe,Russia,0,57417,94,0,255,4838,185,2747
39VXD_09,Asia,Central Asia,Russia,0,102,938,0,169,6344,44168,13815
39VXD_09,Europe,Eastern Europe,Russia,0,102,938,0,169,6344,44168,13815
39VXD_10,Asia,Central Asia,Russia,0,1827,48,0,1112,46123,231,16195
39VXD_10,Europe,Eastern Europe,Russia,0,1827,48,0,1112,46123,231,16195
39VXD_11,Asia,Central Asia,Russia,0,47,499,0,185,31412,16050,17343
39VXD_11,Europe,Eastern Europe,Russia,0,47,499,0,185,31412,16050,17343
39VXD_12,Asia,Central Asia,Russia,0,0,63,0,16,53118,5214,7125
39VXD_12,Europe,Eastern Europe,Russia,0,0,63,0,16,53118,5214,7125
39VXD_13,Asia,Central Asia,Russia,0,193,48,0,208,19654,33244,12189
39VXD_13,Europe,Eastern Europe,Russia,0,193,48,0,208,19654,33244,12189
39VXD_14,Asia,Central Asia,Russia,0,0,9570,0,106,23044,4353,28463
39VXD_14,Europe,Eastern Europe,Russia,0,0,9570,0,106,23044,4353,28463
39VXD_15,Asia,Central Asia,Russia,0,0,0,0,0,58183,49,7304
39VXD_15,Europe,Eastern Europe,Russia,0,0,0,0,0,58183,49,7304
39VXD_16,Asia,Central Asia,Russia,0,0,1417,0,98,9941,45752,8328
39VXD_16,Europe,Eastern Europe,Russia,0,0,1417,0,98,9941,45752,8328
39VXD_17,Asia,Central Asia,Russia,0,0,0,0,8,62572,79,2877
39VXD_17,Europe,Eastern Europe,Russia,0,0,0,0,8,62572,79,2877
39VXD_18,Asia,Central Asia,Russia,0,0,0,0,2,63402,55,2077
39VXD_18,Europe,Eastern Europe,Russia,0,0,0,0,2,63402,55,2077
39VXD_19,Asia,Central Asia,Russia,0,0,92,0,0,24852,11267,29325
39VXD_19,Europe,Eastern Europe,Russia,0,0,92,0,0,24852,11267,29325
39VXD_20,Asia,Central Asia,Russia,0,0,1399,0,1,26264,26142,11730
39VXD_20,Europe,Eastern Europe,Russia,0,0,1399,0,1,26264,26142,11730
39VXD_21,Asia,Central Asia,Russia,0,0,42,0,0,5306,35980,24208
39VXD_21,Europe,Eastern Europe,Russia,0,0,42,0,0,5306,35980,24208
39VXD_22,Asia,Central Asia,Russia,0,0,2906,0,41,2627,55911,4051
39VXD_22,Europe,Eastern Europe,Russia,0,0,2906,0,41,2627,55911,4051
39VXD_23,Asia,Central Asia,Russia,0,3,237,0,198,37816,10894,16388
39VXD_23,Europe,Eastern Europe,Russia,0,3,237,0,198,37816,10894,16388
39VXD_24,Asia,Central Asia,Russia,0,9,21,0,27,16417,31751,17311
39VXD_24,Europe,Eastern Europe,Russia,0,9,21,0,27,16417,31751,17311
39VXD_25,Asia,Central Asia,Russia,0,0,99,0,344,52079,3667,9347
39VXD_25,Europe,Eastern Europe,Russia,0,0,99,0,344,52079,3667,9347
39VXD_26,Asia,Central Asia,Russia,0,0,8,0,51,7505,50894,7078
39VXD_26,Europe,Eastern Europe,Russia,0,0,8,0,51,7505,50894,7078
39VXD_27,Asia,Central Asia,Russia,0,2286,225,0,859,12216,17031,32919
39VXD_27,Europe,Eastern Europe,Russia,0,2286,225,0,859,12216,17031,32919
39VXD_28,Asia,Central Asia,Russia,0,0,53,0,0,62366,94,3023
39VXD_28,Europe,Eastern Europe,Russia,0,0,53,0,0,62366,94,3023
39VXD_29,Asia,Central Asia,Russia,0,0,27,0,1,53160,1307,11041
39VXD_29,Europe,Eastern Europe,Russia,0,0,27,0,1,53160,1307,11041
